EndNodes_1,EndNodes_2,ChangeOfDirection
1,2,2.76683729745451
1,3,1.45187091269742
1,18,-0.0277280210409945
2,49,-0.171958616412607
3,4,-1.39217510790533
3,18,1.66199371985137
4,56,1.53584920680294
4,61,-0.864726795129704
5,6,2.51293719133151
5,8,-0.676738740516388
6,15,-2.39840610894248
6,17,-0.0335145572134459
7,122,0.0443068254454544
8,34,-0.467793140679759
9,16,2.52006577836708
9,19,-0.26065862977651
10,20,0.000235350964954861
10,21,-0.836071313053146
11,40,0.103026959684526
12,13,-2.7420404890134
13,23,1.42787472136493
14,52,1.96564164348731
14,57,-1.41562579204017
15,16,0.50561005495139
15,17,-0.776701101860759
16,19,0.360868245446199
17,28,-0.383242020973948
18,67,1.35157402824825
18,79,-1.74638087341943
18,80,-0.302916322870079
19,55,-1.38619795114581
19,58,1.41671687795308
20,21,2.30528598957169
20,22,0.837147521508884
21,24,-1.19242959031342
21,26,2.77474817305112e-05
21,27,1.94914018038025
23,24,-1.46382915542917
24,26,-1.94913531579464
24,27,-2.28828961259531e-05
25,71,-1.63130641687939
25,72,0.137315809208612
26,27,-1.19248022069128
26,29,-0.4520637363966
26,30,0.908583851682824
27,76,-1.5974726360891
28,46,1.84029567059097
29,30,-1.78094506551037
29,31,0.446351099748155
30,35,-0.87403325997861
31,43,0.399137779519996
32,33,-1.33938012195835
32,38,0.525771923269627
33,71,1.38001170196387
33,78,0.354428549522375
34,44,-1.20149876500024
34,45,0.528806779689973
35,42,-0.0523014092602918
36,37,-1.70813092090282
36,48,1.06552066695457
37,64,-1.9597035200817
37,73,1.20310357947613
38,59,1.08172197582999
39,87,-0.966537378298529
39,92,2.00537903133354
39,93,0.46366297804794
40,90,1.37736622541269
40,99,-1.72116827719255
41,69,0.0226765856258648
42,51,-0.383530181205823
43,50,-0.478669493175143
44,45,-1.41128710889958
44,46,-0.000678377248108042
44,47,0.967785324996431
45,54,0.461023355732024
46,47,-2.17312895134525
47,65,0.583166576105481
48,60,-1.60148394789418
48,64,1.5498301992405
49,79,1.91419773167726
49,89,-1.84451378645591
49,94,-1.32677108691984
50,51,2.82555600513149
50,52,0.208190576874623
50,53,1.24009213366219
51,52,0.524227225332931
51,53,1.5561287821205
52,53,-2.10969109680223
52,57,-0.239674781937691
53,112,1.28161796992369
53,113,-0.239113710853314
54,60,0.442430611281357
55,56,1.31735342556002
55,58,-0.338677824490901
56,61,0.74101665165715
57,90,-0.07326367890873
57,91,0.689975456893486
58,95,1.48992946963097
58,97,-1.64222331772519
59,74,1.41609109308835
59,82,-0.398140636707307
59,83,-1.60492761659096
60,64,0.00972149354488172
61,66,1.22543016712639
61,67,-1.01271565604493
62,63,-0.164765198530993
62,68,1.3547349677434
63,70,-0.192697529473957
64,73,0.0212144459680381
65,105,0.19617984958652
66,67,0.903446830418477
66,77,-0.518527167588617
67,79,0.0436377519221134
67,80,1.48710230247146
68,133,-0.181967162350183
69,98,0.136046990580214
70,81,-0.230781674411559
71,72,-1.3729704275018
71,78,2.11600950114829
72,89,0.620323441171007
73,86,0.122414081120931
73,88,-1.89464474154519
74,75,-0.71913594303738
74,82,1.32736092379413
74,83,0.120573943910479
75,101,0.58493603759401
75,103,-1.79091317562792
76,115,-1.19389477268235
76,120,-0.23673457452604
77,97,1.53701108820856
77,102,-0.121054758126161
78,94,0.79067886564678
78,101,-2.40884864799901
79,80,-1.69812810304045
79,89,-0.617118864543385
79,94,-0.0993761650073157
80,157,1.74491811014237
80,168,-1.46648899526538
80,169,-0.0877643689809737
81,104,1.84765383114065
81,106,-0.839041099704088
82,83,1.93480567370614
82,136,-1.73940482782196
82,138,0.0307994069436694
83,100,-0.841261902309331
84,85,1.16632158910625
84,100,-0.135566474505902
85,104,0.537503692119713
86,87,-0.288297202749196
86,88,1.12453383092367
87,92,-0.169676243957722
87,93,-1.71139229724332
88,134,-0.207993793299069
89,94,-2.62384995405372
90,91,-2.37835351778758
90,99,0.0430581509845545
91,116,1.31530430316519
91,117,-0.127934014345537
92,93,1.59987660030419
92,109,-0.0855915217796288
92,110,-1.59668738506635
93,178,0.238874521960558
94,101,-0.0579348600559939
95,96,-1.46865678971559
95,97,0.0094398662336368
96,107,1.29813666065273
97,102,1.48352680725507
98,121,-0.980070022014377
99,119,0.532726924900202
101,103,0.765743440367865
102,140,-0.973465231519081
103,111,0.438466352230301
104,106,0.454897722745051
105,177,0.0798700025971266
106,159,-0.195022490014576
107,108,-1.12572176481518
108,141,-1.54625041393502
109,110,1.63049679030307
109,154,0.22303725419695
109,155,-1.23013982840994
110,180,0.34988495410867
111,131,0.268089748697686
112,113,1.62086097281279
112,123,-0.0224842763139694
112,124,-1.58754635805636
113,129,-1.66809058101479
113,135,-0.0520178357857799
114,115,-1.24523002371673
114,118,0.647833694758642
115,120,-2.18443245543349
116,117,1.69835433607906
116,128,-0.495719466777709
117,151,2.01113735334489
117,152,-0.289481018605898
118,123,-1.77841991922392
118,132,1.49513276589521
119,121,-2.12868573366215
119,122,-2.40300736509749
119,144,-0.344246786450971
119,145,1.4475003403128
119,146,0.6504141826993
120,132,-0.710556367375521
121,122,2.86727102215445
121,144,-1.35715370637861
121,145,0.434593420385153
121,146,-0.362492737228343
122,144,-1.08283207494327
122,145,0.708915051820495
122,146,-0.088171105793001
123,124,1.5765305718474
123,132,0.131960031529336
125,136,0.304188393232514
126,127,0.551968644543146
126,129,-0.17754911395068
126,130,-1.69550941460418
127,139,-0.205929264925734
128,139,1.51999290073407
128,147,-1.3233545085044
129,130,1.62363235293629
129,135,-1.52551990836078
130,197,1.31362826991041
131,228,-0.190156381544114
133,187,0.856033240187963
134,160,-1.47724211025003
134,171,0.0349478765216853
135,197,-1.8204047759721
135,200,-0.0280878614251621
136,138,-1.37138841882417
137,182,1.61452129251371
138,162,-0.177669325507698
139,147,0.298245244351325
140,148,2.04795088325132
140,149,-0.55496210146441
141,142,-0.44115314075558
141,143,1.57832323365031
142,143,-1.1221162791839
142,148,-0.432087533389998
142,150,1.7223431617624
143,194,-1.65858079983586
143,195,0.00306600269928525
144,145,-1.34984552682603
144,146,-2.14693168443952
144,153,0.776906712255662
145,146,2.3445064959763
145,163,0.832069057322258
146,170,-0.0986944451177529
147,151,-0.754619642473523
148,149,0.538679668874067
148,150,-0.987161958437394
149,156,1.4483216463521
150,184,0.551470503504493
151,152,0.840974281639007
152,163,-0.632062282920763
153,166,0.259324547901675
154,155,1.6884155709829
154,165,0.146606864836138
155,192,-1.59196236595319
155,201,5.32919926587994e-05
156,157,-1.42803045180111
156,158,-0.00400380375119935
157,158,-1.71756600553988
157,168,-0.0698144518179524
157,169,1.30891017446645
158,208,1.65306939838735
159,182,-1.55396207445177
159,183,-0.0283932837279637
160,161,1.23639802153597
160,171,-1.62940266681808
161,196,0.154331728450396
162,188,1.4390531098706
162,189,-0.356445090131536
164,226,1.5397676705882
164,227,-0.0505649422936276
165,172,0.115512157429874
165,173,-1.78571455662675
166,174,1.53696960998287
167,226,-1.5663780164578
167,229,-0.0114931383758896
168,169,-1.76286802730539
168,181,1.28325032361484
169,219,-1.58302413479295
169,220,1.80728768675031e-05
170,175,-2.55297035066098
170,179,-0.00668977592798603
171,199,0.278583107198589
172,173,1.24036593953317
172,176,-1.57390980946032
173,253,-1.39561450504885
173,258,1.84976510614829
173,259,-0.00211062608227897
174,175,-1.08861204317887
175,179,-0.595312078856798
176,258,-1.6191444520378
176,264,1.55677457199151
177,196,1.79013545641283
177,204,0.0397952299743207
178,222,-1.28497004851564
178,223,0.0324147286245937
179,273,-1.54690338798637
179,282,1.540269491297
179,283,0.0142067446642615
180,192,1.48070136840472
180,193,0.0595710054175349
181,238,1.66907294521255
181,241,-0.0211262469612961
182,183,-1.61602386286599
183,254,-0.211788537405592
184,185,0.0566330307583667
184,186,-2.21896058115131
185,186,0.865999041680112
185,190,-0.647770739455612
186,191,1.59807919073495
187,198,-0.790425395484249
188,189,1.34609445358766
189,218,0.294404387882464
190,202,1.59393796118501
191,206,-1.59713536197771
192,193,1.72046229060261
192,201,-1.54957699564395
193,233,-1.65004443465899
193,242,1.45266790839894
193,243,-0.25926469640652
194,195,-1.47994585105465
194,202,-0.225874310405163
194,203,1.29799894034348
195,230,-0.0051336055497524
195,231,-1.77756120338096
196,204,1.39125242715128
197,200,-1.34927573904285
198,221,1.70271640304138
199,204,-2.15038357042245
199,217,0.822033227396632
200,363,1.53612765723303
200,364,-0.15884310726609
201,242,-1.56047811253409
201,253,1.55999424736456
202,203,-1.61771940284115
203,215,-1.4284205936044
203,216,0.24026725870918
204,217,-0.169175855770715
205,207,1.4400851862658
206,208,0.00658981000970549
206,209,1.47426460021558
207,211,-1.58082329846877
207,213,1.57489184921643
208,209,-1.67391786338392
209,215,1.8420050618105
209,236,-1.64598446514235
209,237,0.0303883076887956
210,211,-0.0311855534825805
210,212,-1.5421143430878
211,212,1.63066386398457
211,213,0.0141224940954077
213,214,-1.62911336909217
214,305,-1.74589625440736
215,216,-1.47290480127621
215,236,-0.346396873363056
215,237,1.32997589946809
216,231,1.48741205369132
216,252,-0.139467071417456
217,224,1.44342973063571
217,240,-0.0837059643916001
218,281,-0.459709242727476
219,220,-1.55855044591997
220,236,1.58985812415747
220,238,-1.56801208392367
220,239,0.00676689657260932
221,225,-1.62219719113334
222,223,-1.82420787644956
222,224,0.258133698745239
223,232,-1.37253535949848
224,240,1.61445695856248
225,268,-1.4070481116991
225,269,1.47892099334943
226,227,1.55126004070797
226,229,-1.58670777550788
227,293,-0.0676575698922055
228,372,-1.66767950513987
228,396,-0.00584261011918707
230,231,1.36916505575859
230,244,-1.77394609160189
230,245,-0.0481363043833656
231,252,1.51471352848102
232,233,2.94727895558958
232,234,0.335872820742253
232,235,1.39007672419709
233,234,0.530186518742462
233,235,1.5843904221973
233,242,-0.0388803105318583
233,243,-1.75081291533732
234,235,-2.08738875013495
234,247,-1.47930543528177
234,249,1.70812988601059
235,251,-2.13860335744296
235,255,1.66315824046943
235,256,-0.0168116792613904
236,237,-1.46521988075865
236,238,-0.0162775544913503
236,239,1.55850142600493
237,261,1.75835706313526
237,288,-0.0357985397202532
238,239,-1.56681367309351
238,241,1.45139346141594
239,339,1.82732651595754
239,378,-1.30548050233062
240,247,0.0704187993843144
240,248,-1.41803273433753
241,402,1.59208674590258
241,403,-0.596427882904002
242,243,1.42966004878433
242,253,-0.0211202936911454
243,255,-1.28482372917553
243,257,0.125489341817034
244,245,-1.41578286637126
244,252,-1.62536063133809
244,261,-0.0662484496308626
244,262,1.50722889794889
245,265,1.48300841235185
245,267,-1.71210942670666
246,269,-1.58164596849639
246,278,1.5767534877958
246,279,-0.000117017794402763
247,248,1.65314111986795
247,249,0.0458426677025678
248,266,-1.47603736837818
248,280,1.51718790806545
249,260,1.36160612483078
249,263,-0.0846177163687725
250,268,1.72536896101457
250,270,0.0787162514129172
251,255,0.660168944322595
251,256,-1.01980097540823
252,261,-1.58248047188257
252,262,-0.00900312430282213
253,258,0.103786957607352
253,259,-1.74808877462322
254,278,-1.60607283585407
254,294,0.71333593049687
254,295,0.123459570270402
255,256,1.46162273385897
255,257,-1.73127958259723
256,260,-1.10924886694188
257,276,-1.11334160888234
257,277,0.0109347655051413
258,259,1.28971692135922
258,264,0.0343263704395205
259,344,-1.65190386094925
259,353,1.54545959867406
260,263,1.69536881239025
261,262,-1.56811530601004
261,288,1.34743705073428
262,272,1.53285951518006
262,289,-0.0555937986508872
263,276,1.39082143639268
263,291,-0.0467651968029528
264,273,-0.0649360395719363
264,274,-1.55674187094834
265,266,-1.39929143996087
265,267,-0.0535251854687129
266,280,-0.148367377146164
267,271,-0.73136417596541
267,275,1.39519245516145
268,269,-0.255623548541269
268,270,1.49493994398814
269,278,0.0168068027023924
269,279,-1.56006370288781
270,324,-1.46541786333263
270,325,1.50731882198508
271,272,0.616159574992692
271,275,-1.01503602246293
272,289,1.55313933975885
273,274,1.64978682221339
273,282,-0.0544197743064241
273,283,-1.58048252093916
274,319,-1.5757274519666
274,326,1.57023330118234
274,327,0.00359246425360471
275,286,0.00403492245334958
275,287,-1.47890737613521
276,277,-2.01731627920231
276,291,1.70400602039416
277,308,1.77193581292351
277,312,-1.13647770209969
278,279,1.56472214799959
278,294,-0.822183887238848
278,295,-1.41206024746532
279,334,-1.51510940353879
279,342,1.50941544317874
279,343,0.0426763152014269
280,284,-1.6582031909489
280,285,-0.0135797602153467
281,290,0.358578431094884
282,283,1.61552990695705
283,307,1.77944313734269
283,310,-1.0077766199662
283,311,0.15093849045013
284,285,-1.49696922285624
284,286,-1.73162110697757
284,292,1.39693466019624
285,301,-1.7694446026155
285,302,-0.0189356010209547
286,287,1.65865035500123
286,292,-0.0130368864159838
287,289,-1.6199429938299
287,299,1.47288253928684
287,300,-0.00192983969521432
288,300,1.78845965232927
288,339,-1.39633894473821
288,340,-0.323550801463822
289,299,-0.048767120473058
289,300,-1.52357949945511
290,318,-0.408736383399933
291,314,1.42501720831297
291,330,-0.113752801198165
292,303,0.0408228659046768
292,304,-1.51468365685853
293,443,-1.42094911861442
293,444,1.64191307298103
294,295,2.55171629336332
294,296,0.847147611040677
295,322,1.45241431649948
295,323,0.0844014675018241
297,298,0.755683898135665
297,305,0.0320778838843321
297,306,-1.44432756450005
298,307,-0.380430703262738
299,300,1.66678027460774
299,304,1.623931869617
299,321,-0.030271108991605
300,339,-0.0432059434776844
300,340,1.0295821997967
301,302,-1.39108365199525
301,303,-1.57901395560692
301,313,1.55407636932506
302,347,-1.81597874332431
302,348,0.0175486247681462
303,304,1.58608613082658
303,313,-0.00850232865780809
304,321,1.48738967498118
305,306,1.66518720520541
306,400,-0.0811023997009981
307,310,0.354372896280903
307,311,1.51308800669723
308,309,-0.445490137662077
308,312,0.2331791385666
309,344,-0.0304574534519624
309,345,-1.28605839616106
310,311,-1.98287754317346
310,326,-0.474906042878491
310,331,0.124528570488376
311,375,-1.07764480930321
311,376,0.118084871742226
312,314,-0.000368097170452497
312,315,1.55792910038445
313,328,-1.53814407951608
313,329,-0.00838025366347228
314,315,-1.5832954560349
314,330,1.60282264407866
315,374,0.942521921275952
316,317,1.58913520598389
316,332,0.0283304303215663
316,333,-1.54525113391241
317,354,1.5987577467862
317,355,0.094628334344236
319,320,0.156969332338079
319,326,0.00436809955914974
319,327,-1.56227273736959
320,336,1.54016762620272
321,328,1.66306309319793
321,351,-1.6335467192234
321,352,-0.0102277606426995
322,323,1.77357980459213
322,337,-1.45850161655091
323,338,-0.403212569784111
324,325,-0.168855968272076
325,334,-0.0498701137615072
325,335,-1.68478346857498
326,327,1.57495181666105
326,331,-2.54215804022293
327,331,2.1660754502956
327,367,-1.63458180262617
328,329,-1.61182882773718
328,351,-0.155017158831538
328,352,1.46830179974916
329,347,1.53042679619844
329,360,-1.66981459612273
329,361,-0.103711486816791
330,415,1.87081032156704
330,428,-0.0272079635466214
331,367,-0.659064599331979
332,333,1.56801108935582
332,346,-1.63688294145451
333,354,-1.55004122049708
333,369,0.00323873274498965
334,335,1.50667929877632
334,342,-0.117067806872261
334,343,-1.58380693484957
335,621,1.31842622445745
336,380,1.85133351775121
336,392,-1.40128114556721
336,393,0.0376430963350787
337,389,1.36873060130013
338,362,-1.51211181904302
338,394,1.32166214615442
338,395,-0.562690678259031
339,340,-2.0688045103154
339,378,0.00878563530162957
340,351,1.92300500456013
340,383,0.000182690608297786
341,349,-1.55304067436045
342,343,1.67485352561248
342,350,1.63248082560976
342,362,-0.033935452789374
344,345,1.88599171088069
344,353,0.0557708060335118
345,458,-1.49377416993992
345,464,0.134368946262561
346,405,-1.49876424431312
346,418,1.65248676515044
347,348,-1.30806528549734
347,360,-0.0586487387313728
347,361,1.50745437057456
348,412,-1.89130475082881
348,413,-0.0526496911952328
349,350,1.66577999412313
350,362,1.47517637519066
351,352,-1.51827369500909
351,383,1.21877033963796
352,360,1.53324008357051
352,387,-1.61707720205816
352,388,0.0791198309914076
353,384,0.0591398295530396
353,385,-1.52675707111242
354,355,1.63746324114783
354,369,-1.58831270034772
355,363,-1.68834702763778
355,382,1.49660622851162
356,357,0.289902795583362
356,358,-0.0921827529748565
356,359,-1.4813350101486
357,380,0.079796227604767
357,381,1.48746301202281
358,359,1.75244039641605
358,367,-0.000257932945191275
358,368,-1.45235474888908
359,414,1.78128420615192
359,431,-1.38068518589327
360,361,-1.57548954428386
360,387,-0.00872463203887364
360,388,1.68747240101069
361,416,-1.61993164384922
361,417,-0.0240730593972684
362,394,-0.30781868839235
362,395,-2.1921715128058
363,364,1.44662188909067
363,382,0.0433606025596065
364,486,-1.45935991117053
364,516,0.0124508462143926
365,366,0.611313674974792
365,377,-0.0271990155347108
366,374,-0.812639716916165
366,390,2.18604689214313
366,391,0.267244026774628
367,368,1.6894958376459
368,410,1.57255624989326
368,414,-1.29710595572253
369,382,-1.56080313717242
369,397,1.57629016106988
370,371,1.55228535649819
371,397,-1.55059166200863
371,405,1.59099912982244
372,373,1.51083917403998
372,396,-1.47975575856911
373,426,1.7419695301696
373,427,0.0343086277791347
374,390,-0.142906044530495
374,391,-2.061708909899
375,376,-1.94586297254435
375,379,0.791694082086026
376,504,-1.83799394650834
376,513,1.31008355917173
377,386,-1.49703130835368
378,402,-0.367410924436933
378,404,1.18807967553243
379,411,-1.49596918558018
379,424,0.75352789831773
380,381,-1.73392586917175
380,392,-0.111022009728628
380,393,1.32790223217367
381,432,1.39823832868239
381,437,-1.76977662843611
382,397,-0.00449935534749013
383,387,1.92906407047438
383,419,-1.23730197586254
383,420,-0.05553416223594
384,385,1.55569575292434
384,399,0.422827915213139
385,442,0.17165027368719
386,453,0.711206417320916
386,454,-1.31131185909967
386,455,-0.500920348004411
387,388,-1.44539562054023
387,419,-0.0247733927471332
387,420,1.15699442087947
388,416,1.40029171803582
388,425,-0.0828723773438007
389,441,-1.01338981070718
390,391,1.22278978822129
390,401,-0.627963040154481
391,406,-0.453258584086263
392,393,-1.7026684116875
392,399,-0.163753902878293
393,437,1.45158057739806
393,438,-0.158574928134947
394,395,1.25723982917634
394,408,0.256884653488171
395,456,0.588611267598377
396,426,-1.55062084440089
396,443,1.77441336956284
396,445,-0.00263211960853571
397,405,-1.86175873206906e-06
398,435,-1.63566831481247
398,446,1.50588954757873
398,447,0.439459339622953
400,486,1.53522848425161
400,487,-0.0308238489911612
401,451,-0.469577559387181
401,452,0.038466710188243
402,403,0.953078024783215
402,404,-1.58610205362043
403,409,0.598736260890144
404,419,1.78039620077588
404,439,-1.66980054973188
404,449,0.481120340863357
405,418,0.00965835587375974
406,415,0.346188687210317
407,446,-1.57117069136631
407,461,1.57044828970421
407,462,0.0237370088106252
409,440,2.48330186746298
409,444,-1.56832823137571
409,450,-0.325676169994332
410,411,-0.209128207486804
410,414,0.271930447974005
411,424,-0.892095569691879
412,413,-1.30293759395621
412,417,-1.60043395967614
412,429,-0.0355774126894488
412,430,1.47971283476604
413,468,-1.88474289833786
413,469,-0.0832792223612135
414,431,-0.0203767384553979
415,428,1.24357436847613
416,417,-1.54573406913784
416,425,1.65842855821018
417,429,-1.5767361066031
417,430,-0.0614458591476161
418,421,-2.29743619217793e-05
418,422,-1.61672837462837
419,420,-1.95982483996319
419,439,-0.308604096917966
419,449,1.84231679367727
420,483,-1.70522832010714
420,531,1.89578790532256
420,542,-1.21683501918576
420,543,-0.0437708214778074
421,422,1.52488725332335
421,435,-0.00169327446023138
421,436,-1.60197960805826
422,423,-1.54428519243729
422,478,-0.00862945034951723
423,478,-1.60593691150202
424,434,-0.665617157876476
425,429,1.50228657322847
425,448,-0.0700371301201925
426,427,1.43393175119932
426,443,0.183441560373939
426,445,-1.59360392879744
427,475,-1.35883955941881
427,484,1.73680787491791
428,544,1.50016088262222
428,553,-0.0784751807716666
429,430,-1.62630240613431
429,448,1.56926895024113
430,468,1.61579198011948
430,488,-1.66240945024191
430,490,-0.0450088546085174
431,432,-0.245560974849159
431,433,1.30068566744759
432,433,-1.59534601129304
432,437,-0.0264223035287081
433,593,-1.62172309905073
433,597,1.48102440984407
434,470,-1.25936679947968
435,436,1.54130631999177
435,446,-3.47911985962845e-05
435,447,-1.06646499915437
436,508,-1.59687188258864
436,521,1.6128363676218
437,438,1.53143714805679
438,538,-0.212199087898874
439,440,1.00783344930907
439,449,-0.990671762994554
440,444,-0.910037445248898
440,450,0.332614616132478
441,477,2.05057520053414
441,491,-0.35490468167274
442,480,-1.4264031702696
442,492,0.0528726788891749
443,444,-0.0787304619943452
443,445,1.36454716441842
444,450,-1.89894059220842
445,484,-1.51884175226491
445,497,0.067317399885567
446,447,2.07516244563402
446,461,2.63274807235092e-05
446,462,-1.54668495341286
447,465,-0.47772256615968
448,488,1.42520450056224
448,489,-0.0390795796182837
449,482,-0.772557285174178
449,483,0.775815353431988
450,510,0.362604399220545
451,452,-2.63354838401437
451,457,-1.43794869870167
452,454,1.23977888703984
452,459,-1.82887062928284
453,454,1.1190743771692
453,455,1.92946588826447
453,458,0.935930307815628
454,455,-2.33120114249453
454,459,0.0729431372671159
455,460,0.666523538973981
456,499,-1.45384172073594
456,537,0.167863998261076
457,463,1.56760335682022
458,464,-1.51344953738731
459,466,1.46382928118947
460,559,-1.59102832386945
460,560,-0.110128165726826
461,462,1.59488137269621
461,472,-1.55775942284738
462,502,-1.58695623876023
462,512,6.35834292017634e-06
463,467,1.37398572518202
464,480,1.53708548837502
464,481,-0.0577796471148511
465,502,1.55210423553216
465,503,0.0907740261848256
466,479,-1.50142494012802
467,471,-1.42707687540868
468,469,-1.34012897761315
468,488,-0.136608776771596
468,490,1.4807918188618
469,506,-1.85404436022875
469,507,-0.0481035412001596
470,473,1.28021264206652
471,479,1.70660712705194
472,536,-1.6002366140069
472,546,-0.0215611056562723
473,504,1.59887772301278
473,505,-0.0424813283417351
474,475,-0.156502961519583
474,476,-0.656318717090802
474,477,0.697017863597809
475,476,2.64177689801858
475,484,-0.0459452192530683
476,485,-0.823828654800615
477,491,0.736112771382914
478,508,1.56807601355886
478,509,0.0264469345928586
480,481,1.54672751809992
480,492,-1.66231680443102
481,494,1.74574966152838
481,496,-0.0231606536207423
482,483,-1.59322001498363
482,539,-0.680701860243331
483,531,0.459423571839904
483,542,-2.65319935266842
483,543,-1.48013515496046
484,497,-1.55543350143932
485,500,-0.535630398851721
485,501,-0.192606661542541
486,487,1.57554032034702
486,516,-1.66978189620487
487,513,-1.41042186150326
487,520,0.00880856943484387
488,489,1.67730857340927
488,490,-1.5241920579564
489,514,1.45609571681256
489,515,-0.344359689479951
490,506,1.60822015047589
490,514,-1.62558895900136
490,517,0.0318659051896337
491,511,1.01087692804454
492,493,-1.41831042646865
493,494,0.0899191033483913
493,495,1.51593683543324
494,495,-1.71557492150495
494,496,1.37268233844067
495,550,-1.51570272635771
495,551,1.54434899134717
496,550,1.67922532087625
496,552,0.0514718164492267
497,588,1.63736403662463
497,589,-2.82147072803163e-05
498,499,-1.55908443043225
498,526,-0.0166773677516234
499,537,-1.51988693459278
500,501,-2.79856891628061
500,518,-1.16909288515658
501,519,-2.69851569523631
501,566,1.96466855682436
501,576,1.14691943817434
501,577,-0.905132611258264
501,578,-0.426573824810371
502,503,1.68026244424246
502,512,-1.55463005648664
503,521,-1.67562908043679
503,528,1.47333557902422
503,529,0.00880368101985152
504,505,1.50023360223528
504,513,0.00648485209027561
505,597,-1.46144509955926
505,609,-0.0163541547935702
506,507,-1.33565183456121
506,514,-0.0922164558874563
506,517,1.56523840830353
507,533,-1.86683718662964
507,534,-0.108166372467374
508,509,1.59996357462379
508,521,0.0681155966206468
509,584,1.80157047593087
509,585,-0.868553949533366
510,522,-1.50465432814001
510,523,1.32777580856088
510,524,-0.0934985095429783
511,518,0.654307088254612
511,519,-0.532091984515943
512,528,-1.57495722742627
512,536,1.53030153928618
513,520,-1.72236222265169
514,515,1.34113724729728
514,517,-1.4841377893988
515,563,-1.51717414036234
515,570,1.69685978843783
516,568,1.63693862684339
516,569,0.0997790510069843
517,533,1.51545787768521
517,535,-0.207700676775318
518,519,1.95519358081924
519,566,1.52159159847087
519,576,0.703842479820858
519,577,-1.34820956961175
519,578,-0.869650783163854
520,783,-1.6372235186028
520,804,-0.113184140977107
521,528,0.00737200587121833
521,529,-1.45715989213315
522,523,-0.309162516888906
522,524,-1.73043683499276
522,525,0.537264686561087
523,524,1.72031833548594
523,527,-0.598908810995828
524,548,-1.25475653377892
524,549,1.04721296492688
525,530,0.75070278993889
526,561,1.58759637317107
527,539,1.40733493654038
527,547,-1.59522458512835
528,529,1.67706075558542
528,536,-0.0363338868773475
529,584,-1.49260696111242
529,590,1.60310581017101
530,567,0.722790154985784
531,532,-0.443747221132222
531,542,0.0289697290814712
531,543,1.20203392678943
532,563,0.175231664644977
533,534,-1.38292183942753
533,535,1.41843409912926
534,579,-1.74095288545448
534,580,-0.129915637121705
535,579,1.74087648316831
535,582,-1.5794666297708
536,546,-1.56291714523917
537,561,-1.63329493673511
537,614,0.0421196739608125
538,554,-1.51809434986748
538,571,1.63091888558383
538,572,-0.133545928253832
539,547,0.139033131921063
540,541,0.319685952686253
540,554,0.00285777301667434
540,555,-1.43519744182851
541,551,-0.172864421539341
542,543,-1.96852845588184
542,573,0.0597263812342064
542,574,1.36727672730834
543,641,-1.53729423780834
543,699,1.57972336881817
543,700,0.0296821581052908
544,545,-0.853803356861258
544,553,1.56295659019591
545,556,0.653476263096638
546,590,-1.40376770930663
546,596,0.0119901112228682
547,549,-1.32152061064259
547,573,2.63816104908402
547,581,1.04376642746788
548,549,-0.839623154883987
548,564,0.727808419593774
549,573,0.818089006136812
549,581,-0.776305615479327
550,551,-0.0815409358849104
550,552,1.51383914916277
552,627,-1.63209982589669
552,630,-0.103242902618406
553,612,1.46781642775063
553,617,-0.108122837771059
554,555,1.70353743874461
554,571,0.00742058186152006
554,572,-1.75704423197614
555,591,1.6631421805701
556,557,-0.0556798432602097
556,558,-1.52845800437048
557,558,1.66881449247952
557,559,0.0743137314443181
557,562,-1.50186548079011
558,612,-1.52362719109796
558,613,0.0253341640585929
559,560,-1.66069249544717
559,562,1.56541344135537
560,626,1.46082154879261
561,614,-1.46617804289387
562,648,-1.52790796034983
562,649,0.250894649313448
563,570,0.072441275210374
564,567,-2.01504272651591
564,588,-0.97844342754063
564,595,0.636834054691225
565,566,0.449903475617708
565,575,-0.651248921698494
566,576,2.32384353493978
566,577,0.271791485507173
566,578,0.750350271955066
567,588,-2.10499335461451
567,595,-0.489715872382655
568,569,1.60443307775339
568,602,0.15776021082051
568,603,-1.6558952627618
569,879,-1.41299481223743
569,887,1.53327280616504
569,888,0.627766923747585
570,582,-0.0261168245004471
570,583,-1.54717664352675
571,572,1.37712783975213
571,593,0.142381554622774
571,594,-2.02323365717543
572,600,-1.535907083604
573,574,-1.83404230751566
573,581,1.54719803197365
574,635,-1.6703011884299
574,640,-0.415609253712125
574,641,1.41008588618107
575,589,2.19292063059635
575,604,-2.07353818938297
575,605,-0.854678540449662
576,577,1.08954060415719
576,578,1.56809939060508
576,599,0.249024837504986
577,578,-2.6630338671419
577,615,2.09270644664901
577,616,-0.00279642518610723
578,620,-2.68119489629136
578,637,-0.127368516624265
579,580,-1.53055540525702
579,582,-0.178750459349318
580,643,-1.76383049896467
580,663,0.00511904688629361
581,610,-0.351292689237501
582,583,1.62053283456349
583,631,1.51932971693991
583,632,-0.0568031551989607
584,585,0.471468228125556
584,590,-0.0458798823063593
585,586,-0.48055939642172
586,587,0.587456483194197
587,602,-0.717363722391853
588,589,1.50420040225789
588,595,-1.52631517135794
589,604,-1.12486616638953
589,605,0.0939934825437816
590,596,-1.72583483306029
591,592,-1.52357579892926
592,598,1.21297990846621
593,594,0.975977441791587
593,597,-0.0388451446949922
594,657,1.75487210865662
594,658,-0.0648642320744459
595,618,-1.62052222315425
595,622,-0.844473027007003
595,623,0.269811242290613
596,629,-0.0413693226494871
597,609,-1.6965017088241
598,600,-0.0658497372522113
598,601,-1.5104585172332
599,607,1.01130306662256e-05
599,608,-1.39567154490502
600,601,1.6969838736088
601,670,-0.450385049222602
602,603,1.32793718000748
603,706,0.822751924364896
604,605,-1.92273300465648
604,607,-0.535616235004983
605,618,1.53815402786573
605,619,0.0198234071462982
606,611,-1.6098189025169
607,608,1.74591099565411
608,654,-1.82909061463233
608,693,1.328423856665
608,694,-0.254617789970163
609,656,-0.938980739352022
610,635,1.58293646849787
610,636,-0.502221544305032
611,621,-1.54880824527413
611,633,1.59279571168875
612,613,-1.59263129843324
612,617,1.56565338806811
613,648,1.55926320950153
614,701,-1.79505222624226
614,724,1.20931667652434
614,725,-0.242097513470193
615,616,1.04608978175467
615,620,-1.15374990290269
616,625,0.816928262918553
617,685,1.54012073145292
617,692,-0.158692926952079
618,619,1.62326203287036
618,622,-2.36554345744255
618,623,-1.25125918814493
619,693,-1.84155709235528
619,716,1.04524450240733
619,717,0.0556118133969719
620,637,-0.587766273922694
621,633,1.13033730864132e-05
622,623,-2.02730838429218
622,634,1.057456392281
623,642,0.665327245985495
624,633,-1.6796507853492
624,676,1.46190412266124
625,645,1.06167308066681
626,627,0.0974149571206171
626,628,-1.44422918328893
627,628,1.59994851318024
627,630,-1.61273573031151
628,677,1.56807928594017
628,678,-1.46131102648298
629,855,-0.389171355643221
630,661,1.61067367564041
630,662,-0.0359887886678778
631,632,1.56545978145092
631,638,-0.00820081664749273
631,639,-1.65055498151766
632,650,1.59183179782785
632,651,-0.0194639081394028
633,676,-3.77455793589832e-05
634,660,0.61834517954288
635,636,1.05643464078689
635,640,-1.88690071887202
635,641,-0.0612055789788211
636,647,-0.524536968999086
637,652,-0.780325624043457
637,653,0.488853237930598
637,654,1.86671711116641
638,639,1.49923848871962
638,643,0.0358881274513125
638,644,-1.57278778261481
639,650,-1.47533874638315
639,664,0.0853197616422516
640,641,-1.3158975136966
640,672,-0.532871798621622
641,699,-0.0245750469632848
641,700,-1.57461625767616
642,655,0.512191439302607
643,644,1.53291674352367
643,663,-1.37264310773883
644,713,1.47644881764903
645,652,0.836652380970713
646,695,-1.62383377126507
646,701,1.51778782569722
647,655,-0.47723293241094
647,659,1.39421746674493
648,649,-1.36279004392652
649,678,1.36146606008431
649,685,-1.78125305480033
649,686,-0.249459328591449
650,651,1.53029694762254
650,664,-1.58093414556439
651,683,1.59161199577848
651,684,-0.0721541825100527
652,653,-1.87241379161574
652,654,-0.494549918379929
653,654,-1.76372878035398
653,687,-0.326314420869298
654,693,0.0159218177075289
654,694,-1.56711982892763
655,659,-1.27014225443392
656,665,2.55237956473582
656,666,0.394206580884169
657,658,1.32185631285873
657,668,0.868476659334048
657,673,-0.142399074968649
658,674,-0.3318388276215
658,675,1.73525642393553
659,681,-1.84600164420035
659,688,1.38439912275287
659,689,-0.217479496921825
660,681,0.641450137717356
661,662,1.49493018928151
661,667,-1.5406688999656
662,679,-1.36168857226294
662,680,1.61190293330736
663,690,-1.0931512698245
663,691,-0.118979721303005
664,683,-1.58034221821417
665,666,0.983419669738145
665,671,-1.59090801283234
666,733,-0.838638429593729
666,736,0.844777016648748
667,680,-1.63568328462511
667,697,1.59464746518962
667,698,-0.194619113090218
668,673,2.1307169192871
669,706,-2.39801347674032
669,748,0.328695935992804
670,674,2.77542900977388
670,702,-1.14879256577268
670,711,0.720059668125316
670,712,0.0493868814883802
671,783,1.42371415802221
672,688,-0.552898528400339
673,720,0.232889416230373
673,721,-1.67393185031044
673,722,-1.57550751912308
674,675,-1.07449740203277
674,702,-0.782628921956763
674,711,1.08622331194123
674,712,0.415550525304297
675,721,1.40974164510624
676,695,0.118445223890175
676,696,-1.47191707129133
677,678,0.11220234116665
677,679,0.104744416816847
677,682,-1.70419805864586
678,685,-0.00112646129484828
678,686,1.53066726491403
679,680,-0.168001148019487
679,682,1.33265017812709
680,697,0.0887380962249376
680,698,-1.7005284820549
681,688,0.0888081133634282
681,689,-1.51307050631127
682,731,-1.60331790122189
682,741,-0.675610471538231
683,684,1.47782647530126
684,727,1.42878279924602
684,728,-0.120165688079596
685,686,-1.60979892738091
685,692,1.4427789951848
686,707,1.02090050960894
687,737,1.57182102539063
687,738,-0.0162988958161474
688,689,1.5397140339151
689,767,-1.80173593807808
689,774,1.38432865433542
689,775,-0.0175380469153441
690,691,-2.1674211050683
690,708,0.578669584622106
691,749,-1.72549200795571
691,755,-0.185487905268567
692,739,1.60544597915345
692,740,4.37884110620068e-05
693,694,1.55855100695463
693,716,-0.25479105882718
693,717,-1.24442374783754
694,737,-1.70683009337664
694,787,1.44966751706536
694,788,-0.140028172636092
695,696,1.55123035840829
695,701,2.89433724938171e-05
696,800,0.136636623923133
697,698,1.35232607530996
697,702,-0.212712931210967
698,753,-1.61892775370598
698,760,1.50742833347323
698,761,-0.172602926630729
699,700,1.59155144287691
699,742,-0.00278245340650773
699,743,-1.60294943175345
700,809,-1.54839018464741
700,815,0.507105252641469
700,816,1.46386265134641
701,724,-0.13722375082319
701,725,-1.58863794081773
702,711,-1.2727404196918
702,712,-1.94341320632873
703,709,-0.390614031199829
703,710,-1.6248449334357
704,705,1.56303502608838
704,708,1.390481472371
704,718,-1.60595641325996
705,714,-1.557481673042
706,748,-0.414883240856669
707,719,-1.38624124633885
708,718,0.145154767958828
709,710,1.90736175135393
709,723,-0.60984044326163
710,726,-1.44018257063652
710,732,0.0670746897957493
711,712,2.47091986695286
711,768,0.3211722947547
712,769,0.680039411434274
713,714,0.00176683374103925
713,715,-1.41590469052689
714,715,1.72392112932186
715,734,-1.67458994143094
715,754,1.24069722534322
716,717,2.15195996457943
716,767,0.251580579611239
717,787,-2.03054303532205
717,827,-0.00363958866596903
718,749,1.66644784157464
718,750,-0.0930235590037132
719,729,-1.51187085306039
720,721,1.23477138704898
720,722,1.33319571823634
720,733,0.343085973888977
721,722,-3.04316832240244
722,745,0.598339320458648
723,751,-0.593650198032999
724,725,1.69017846359526
724,746,1.96200854816198e-05
724,747,-1.50642536082783
725,765,1.35740754201268
725,766,0.015172341199778
726,732,-1.63433539315753
727,728,1.59264416626418
727,734,0.185526403561004
727,735,-1.40937279699484
728,762,1.77743045550417
728,763,-0.0423799355588268
729,730,1.38697922470933
730,744,-1.52292898870072
730,757,1.67771105494756
730,758,0.183329986740054
731,741,-2.21388522390614
732,759,0.100861957463469
733,736,-1.45817720734732
734,735,1.54669345303395
734,754,-0.226305486815634
735,762,-1.5037378884164
735,764,1.42319977966279
736,860,-1.65296028071297
736,862,-0.218955862529482
737,738,1.55347273238301
737,787,0.0149049568522086
737,788,-1.57479073284925
738,897,-1.53599015116606
738,920,1.53720569809884
738,921,0.017172241165011
739,740,1.53619046284741
739,744,-0.387999948321263
740,784,1.45107280100133
740,785,-0.102764612353354
741,752,0.596873837436554
742,743,1.54142567524285
742,763,1.44999267068804
742,790,-0.0491998246854823
742,791,-1.64425570150829
743,801,1.61909830761635
743,802,-0.0400873713871981
744,757,0.0590473900584847
744,758,-1.43533367814902
746,747,1.63514767267648
746,772,-0.690983177843537
747,773,-1.21324827894394
748,799,0.382515486810077
749,750,1.38212125301144
749,755,-1.60158855090265
750,754,-1.61403362720444
750,786,-0.35163670044232
751,776,-1.48912557255064
751,778,-0.0147000669149167
752,770,-0.149621200711432
752,771,1.43683485809648
753,760,-0.0152365664105849
753,761,-1.69526782651455
754,786,-1.87919572682767
755,856,-1.73730323587874
755,870,0.0396944002884796
756,808,-1.64681087433425
756,812,-1.49707788333046
756,819,1.51476632385126
757,758,1.64721158538229
757,770,1.52028111777335
757,779,-1.04151936102017
758,784,-1.47258841686057
758,798,0.111983333769425
759,776,1.51527069472117
760,761,1.46156139348583
760,789,-1.77368343292089
761,771,-1.55130434835258
761,792,0.101058092466425
762,763,1.3217822625268
762,764,-0.21465498551061
763,790,1.64240015821627
763,791,0.047344281393463
764,796,-0.234423155267845
764,797,-1.799066241749
765,766,1.79935745277689
765,773,0.515925661799879
767,774,0.0444719388237127
767,775,-1.35739476242706
768,847,-1.6127920610009
768,848,0.057983503896895
769,777,-1.12543597908933
770,771,-1.55513659478188
770,779,0.579792174796272
771,792,-1.48923021277078
772,780,-0.534105154350693
774,775,1.73972595233903
774,778,1.56475530970611
774,809,0.00600898993085064
775,1066,-1.59281917080889
775,1075,1.53449517462926
775,1076,0.0068442406644067
776,778,-1.66716714795407
777,781,0.187516535161621
777,782,1.4316689469549
778,809,1.58284633381453
779,793,0.940866555670255
779,794,-0.953802120282079
781,782,-1.89744024179651
781,806,2.15284222883081
781,807,0.0442982892530002
782,806,-2.23290283655226
782,823,-0.321743303580257
783,804,-1.6175532759641
784,785,1.58775524023511
784,798,-1.5570209029598
785,842,1.49735931297738
785,843,-0.0796209384966411
786,796,-1.4422140161074
786,822,-0.0760527117560335
787,788,1.55189696388834
787,827,-1.11468920693371
788,943,-1.60107585018721
788,993,1.49587224773117
788,994,-0.00679965765872836
789,805,-0.352052570572562
790,791,1.54653677676698
790,803,-0.266683440270341
791,817,1.67805954398174
791,818,0.0556621447226249
792,793,-1.71815976916039
792,810,1.83591272538056
792,811,-0.008131112320652
793,794,1.24692397763746
793,810,0.412479840951162
793,811,-1.43156399675005
794,814,-1.13195196378975
794,829,1.69900887206696
794,830,0.341403528379927
795,995,-1.37569315902807
796,797,1.57694956710864
796,822,-1.77543134923843
797,803,-1.57196509944725
797,832,1.49059733577831
798,814,1.39671694293588
799,819,-2.19765789747664
799,836,0.12416309131093
800,824,1.60883455817502
800,825,-0.358423277525051
801,802,1.48240697458625
801,818,1.53406776753472
801,840,-0.121327210373696
801,841,-1.61617939988688
802,849,-0.0282511652070085
802,850,1.52739001993921
803,832,-0.0790302183642337
804,875,1.93921808969286
804,876,-0.266208372173474
805,820,-0.884057570865007
806,807,1.03304871401198
806,823,-1.23043312061779
807,839,-1.63241743472522
807,858,0.143433686105928
808,812,-2.991859662586
808,819,0.0199845445957161
809,815,-1.08609721630091
809,816,-0.129339817595965
810,811,1.29754881588858
810,820,-0.125140478511693
810,821,-1.35398813572294
811,885,0.0868323949406862
812,813,1.44871335937643
812,819,-0.129748446408077
813,846,1.31777767498782
814,829,-0.310631817733084
814,830,-1.66823716142012
815,816,-2.18483525488485
815,826,-0.531886265978694
816,849,1.5564832446086
816,865,-1.57912212755233
817,818,1.51919525433068
817,828,-0.381049616674437
818,840,1.48619767568138
818,841,-0.00865451383180416
819,836,-0.819771664802219
820,821,1.91274499637855
821,838,2.78524755184833
821,845,-0.356282959678881
822,833,0.00106901406892668
822,834,1.77826497139635
823,851,0.728905553845149
824,825,1.17433481788972
824,831,-0.867531199355963
825,883,1.69296824481402
826,871,1.528405802315
827,1018,-0.170652469318647
828,852,1.4465140311975
828,873,-1.69475593979606
829,830,1.78398730990276
829,854,-1.30003701400188
830,842,-1.36952963252305
830,859,0.530876636328475
831,906,-0.371343755043054
832,833,1.44127606912313
832,852,-1.64741091327323
832,853,0.0377659006795801
833,834,-1.36439669626237
833,852,0.0529056711934324
833,853,1.73808248514624
834,856,0.211596708188762
834,857,-1.55237778165102
835,837,-0.346749002502371
836,919,-0.383984751953717
837,844,-1.21888365906063
838,839,-2.26689339097737
838,845,6.21420625828151e-05
839,858,-1.36574153275865
840,841,1.64674046407661
840,863,-0.303302286832728
840,864,-1.72561512871147
841,881,-0.0886022862232201
841,882,1.46045320242502
842,843,1.56461240211577
842,859,-1.24118638473827
843,889,1.5321610554746
843,890,-0.0443018618556086
844,855,2.52165292430674
844,932,-0.672274134334015
845,868,-1.01150769942623
845,869,1.397078675382
847,848,-1.470817088692
847,851,-1.12721104441579
848,866,-0.334748205911072
849,850,-1.58595146844357
849,865,0.00598728142885774
850,872,0.101720984450441
852,853,-1.45641583963698
852,873,0.000322682596235246
853,857,1.62832834411995
853,893,0.220153488280717
854,867,0.95685241269764
855,932,-0.0523344050509569
856,857,1.37761816375001
856,870,-1.36459501742258
857,893,1.73341779775056
858,869,-1.25340956599898
858,877,0.227511720039878
859,905,-1.77203014759908
859,911,-0.0232518209553469
860,861,1.60198144663901
860,862,-1.7075882354063
861,922,1.22477606593955
861,923,-1.56370295683279
862,922,-1.74883955919473
862,927,0.96084767024945
863,864,1.71927981171106
863,873,1.50528910752976
863,898,-1.4832803928403
864,882,-1.45037651196649
864,917,1.60273041466473
865,985,-1.39394816069415
865,992,0.975252785096608
866,903,-1.57886930831975
866,904,0.101541869249249
867,886,0.761574736031897
868,869,-0.733006278781567
868,874,1.02788371713569
869,877,-1.66067136755093
870,894,-0.530644508387956
870,895,1.33437828470553
872,881,1.46688564209358
872,915,-1.65324361366198
872,916,-0.120311012418312
873,898,0.153023153219734
874,892,0.174220941498866
875,876,0.936166191723461
875,879,-0.110195188753351
875,880,-1.60884375435087
876,908,0.470528339721784
877,900,-0.918859365672958
877,901,1.98900948462382
877,902,0.402941469407446
878,920,-1.64752683156401
878,943,1.51070611568707
879,880,1.64294408799228
879,887,-0.195325035187326
879,888,-1.10083091760478
880,942,-1.61684368312486
881,882,-1.59253716494156
881,915,0.0214633978342249
881,916,1.5543959990779
882,917,-0.0884857269585666
883,928,0.475280021734561
884,923,1.79999667802121
884,924,-1.50086168688278
885,886,-1.57413072093814
885,891,1.4351868275522
886,891,-0.132275105099454
887,888,2.23608677117234
887,910,-0.327220235098318
888,1064,1.56284925732859
888,1077,-0.0118534279147502
889,890,1.56512973625958
889,907,-1.23993351176868
890,939,1.5505419525192
890,940,-0.0122567397908298
891,912,0.559117128157294
891,914,-2.50985431065451
892,900,1.76854363653957
892,909,-1.46412265246564
893,894,1.27690981986849
893,918,-1.4987598585742
894,895,-1.2765698604963
894,918,0.365922975147101
895,940,1.66452105495717
895,969,-1.47599087517693
896,897,-0.611842563166988
896,899,0.565673808946348
897,920,-0.0683968043248928
897,921,-1.58843026125872
898,917,-1.4778946879635
898,933,2.15575630980502
898,934,0.0569572258565749
899,926,0.364249338236837
900,901,-0.233723803293011
900,902,-1.81979181850939
900,909,-0.0910736354154258
901,902,1.55552463837341
901,903,0.131430577118297
902,944,1.5995716219703
902,945,-1.38261263724827
903,904,-1.46118147602079
904,924,1.26244665359379
904,925,-0.393696417934795
905,911,-1.39281432694606
906,928,-1.70172726834227
906,931,0.440111767897313
907,957,1.68521364147792
907,965,-1.63250858877691
908,941,-1.29324867535849
908,942,1.65080333825862
909,912,0.0792966480183015
909,913,1.66876438953662
910,929,-1.45676670328054
910,930,0.373378189398385
911,914,1.76783390087739
911,957,-1.47669351418637
911,958,0.277457904147745
912,913,-1.55212491207148
912,914,0.0726212147779908
913,949,1.50305539787808
913,959,-1.53511315226021
914,957,-0.102934761473964
914,958,1.65121665686014
915,916,-1.60866005234612
915,951,0.0220655881346117
915,952,1.55386290975322
916,934,1.44102567643184
916,972,-1.69533422046597
917,933,0.492058344178724
917,934,-1.60674073976972
918,938,-1.61951828095178
918,964,-0.137698793106654
919,967,-1.7581068120315
919,973,1.42122110788361
920,921,1.62155919665596
920,943,0.0166402936612826
921,1111,1.56503425061543
921,1112,-0.0235649167275231
922,923,0.353113630817452
922,927,-0.431905424145618
923,924,-0.159265711314195
924,925,1.48544958206121
925,953,-1.40315505130429
925,956,1.7978598353671
925,960,0.316218190912953
926,1004,-1.5688770400265
926,1095,0.0202491618110741
927,935,-2.01671724836233
927,936,0.20557126878949
927,937,-0.267048960063408
928,931,-0.999753617350207
929,930,-1.31144776091087
929,955,0.660037210347288
930,967,0.215881903843311
930,968,-1.25096852388343
931,1003,-1.06105962355595
931,1004,0.580895202932871
932,980,-0.933384850728999
932,987,2.24238358722858
933,934,1.04279356964135
933,938,-0.380457329323655
934,972,0.00523275669198009
935,936,-0.919304136437972
935,937,-1.39192436529087
935,956,-0.357405297740071
936,937,2.66897242473689
936,941,0.633849705698829
937,961,-0.546468519480942
938,964,-1.65977316574466
939,940,1.57879396127977
939,965,0.295071517855221
939,966,-1.21335314973909
940,969,0.00108072345569576
941,942,-0.197540639972688
943,993,-0.0446445556714208
943,994,-1.54731646106132
944,945,0.159408394371215
944,946,0.00893041550344575
944,947,-1.54626105256313
945,949,-3.46994226516628e-05
945,950,1.47866949112571
946,947,1.58640118552322
946,953,-0.00744373680916066
946,954,-1.55521592055864
947,1022,1.57592679071061
947,1023,-0.0457854376062867
948,990,-0.136285787811145
949,950,-1.66288846304143
949,959,0.1034241034515
950,1060,-1.61231489108684
950,1061,1.54369413753822
951,952,-1.60979533197119
951,978,-1.56884177308738
951,982,1.56800017350404
952,983,1.42946156135807
952,1005,-1.72485643415654
953,954,1.59382046984032
953,956,0.0594222330816003
953,960,-1.42221941137255
954,1020,1.620890593536
954,1022,-1.56564141038712
955,1047,0.217634750139043
956,960,1.65995100913565
957,958,-1.38744123525568
957,965,-0.176129576665027
958,988,1.53761061668038
958,1001,-1.7083855347079
958,1002,-0.161775581142517
959,962,-0.0478471394192406
959,963,1.50030052446287
960,1032,-0.0728406775237276
960,1033,1.05852848557226
961,1057,-0.152726864079165
962,963,-1.59344498970768
962,970,0.00388289515123663
962,971,1.58341926447862
963,1021,-1.55817877269679
964,984,-1.46717523907308
964,1027,-0.0222547366253498
965,966,1.63316798599548
966,1007,1.5703200562434
966,1009,0.00829689791526267
967,968,1.67474222586305
967,973,0.0377352663253121
968,1013,1.47555618994633
969,997,1.51716409245676
969,998,-0.0195337406372604
970,971,-1.5620562842624
970,976,0.0470922981724824
970,977,1.60820588910043
971,1021,1.54814228029649
972,983,0.00413343674378996
972,984,1.72775324670486
973,974,-0.0261360962596955
973,975,-1.58500293477983
974,975,1.58272581506966
974,980,-0.0193756360728203
974,981,-1.80611557480962
975,1024,-0.231224515234216
976,977,-1.58047906266184
976,988,0.062373191566147
976,989,1.60287583205137
977,1038,1.31188210463235
977,1039,-0.134660280530302
978,979,0.900792710538125
978,982,-0.00475070699836699
979,991,0.521191239785761
980,981,1.35485271485299
980,987,0.0341757843677888
981,1119,1.88320058836393
981,1122,0.0739052069224404
982,1005,1.38053336754782
982,1015,-1.74596328329129
983,984,-1.41797284362873
983,1005,-0.0127253419248143
984,1027,-1.69667215114206
985,986,0.401831029516702
985,992,-0.772391707799036
986,999,-0.406874621170499
987,995,0.00118417071696708
987,996,-1.94412041329015
988,989,-1.60109001310457
988,1001,-0.104403497798487
988,1002,1.44220645576689
990,1003,1.50968261368239
990,1010,-1.59214072063879
991,1006,-1.50857642778684
991,1025,1.86044122318672
991,1026,0.150713233238983
992,1019,0.189441994651304
993,994,1.6389207481999
993,1016,-0.101631284488122
993,1017,-1.54021598135114
994,1111,-1.56591569250816
994,1151,0.0147920449908212
994,1152,1.56978536876066
995,996,1.19628806958268
996,1119,-1.13518737504032
996,1120,1.28200488027567
996,1121,0.0295089476722277
997,998,1.60489482049577
997,1011,-0.0354114745190381
997,1012,-1.52863858964847
998,1100,1.55293982127468
998,1101,-0.0209844457665249
999,1000,1.34050673822383
1000,1075,-1.24802621086974
1000,1081,1.62866010396319
1001,1002,-1.59498270002442
1001,1007,-0.160000071642152
1001,1008,1.31650575359116
1002,1052,-0.291525098714814
1003,1004,-1.49963782710098
1003,1010,0.0397693192686082
1004,1095,-1.55246645175222
1005,1015,0.0150960027506883
1006,1025,0.227424997383771
1006,1026,-1.48230299256397
1007,1008,-1.66508682835649
1007,1009,1.57956949526165
1008,1035,-0.364526991212302
1009,1011,-2.01650175268257
1009,1014,-0.270716523348972
1010,1040,-1.56462386816092
1010,1074,-9.31861099395803e-08
1011,1012,1.64836553846036
1011,1014,-1.39580742425619
1012,1028,1.38200546061668
1012,1029,-0.154731411504835
1014,1028,-1.85700688384635
1015,1030,1.52370795594349
1015,1031,0.0163654129825299
1016,1017,1.70300795672677
1016,1053,0.0632027672391882
1016,1054,-1.53592538653446
1018,1066,1.60688404696006
1018,1067,-0.0472626972421697
1019,1044,0.366049354630551
1020,1022,-0.0449393503333257
1022,1023,1.5198804252729
1023,1061,-1.50936679397503
1023,1062,1.61283842348559
1023,1063,-0.0292570616513061
1024,1116,1.6104460803247
1025,1026,1.43186466364205
1025,1034,-0.279613347876694
1026,1042,-0.0429463125151179
1026,1043,1.49544598923062
1027,1037,-1.56689358543366
1027,1084,-0.0429863167771174
1028,1029,1.60485578146828
1029,1050,1.70370001637081
1029,1051,0.159674994871003
1030,1031,1.63425011062884
1030,1036,-1.5107132628308
1030,1037,0.0755681102057739
1031,1045,-0.095876024900766
1031,1046,1.565374445267
1032,1033,-2.0102234904938
1032,1062,-1.62722731007163
1032,1069,0.000500717705710141
1033,1068,0.439443984653214
1034,1045,1.45014887933778
1034,1048,-1.52063445074764
1035,1050,-1.49316960170538
1035,1073,0.123089765117987
1036,1037,-1.55531128055321
1036,1046,-1.57284748845295
1036,1049,1.7313758317665
1037,1084,-1.61768538493325
1038,1039,1.69505026842714
1038,1041,-1.38102185814585
1039,1058,1.47500127753825
1039,1059,-0.106690433221203
1040,1074,-1.57696887861498
1041,1058,-1.73211190306835
1041,1060,1.40945595828089
1042,1043,-1.60320035184406
1042,1044,-1.59195447981213
1042,1072,1.59703760682959
1043,1071,1.48427627190529
1043,1083,-1.6573136873896
1044,1072,0.047399433051925
1045,1046,-1.48034218342203
1045,1048,0.170809323504369
1046,1049,0.162630666629652
1047,1064,-1.57793430078612
1047,1065,0.348573553185533
1048,1070,1.56779962638547
1048,1071,-0.0713505837772885
1049,1055,-0.150047496705455
1049,1056,-1.71177132755933
1050,1051,1.59756763208999
1050,1073,-1.52533328676643
1051,1100,-1.60165565912683
1051,1114,1.79923145349611
1051,1115,0.0311647450388959
1052,1085,-1.67022132800035
1052,1097,1.55875042914195
1052,1098,0.277634937799813
1053,1054,1.54246449981615
1053,1067,1.94124023931449
1053,1090,-1.19720722346497
1055,1056,1.57986882273592
1055,1080,-1.20380466850682
1056,1070,-1.51509351293804
1056,1082,0.0215711105077245
1057,1105,-0.763539822424242
1057,1106,0.859525202105881
1058,1059,1.55990094283034
1058,1060,-2.47922405578471e-05
1059,1097,-1.68955055300606
1059,1102,1.62138510790815
1059,1104,0.0223240124412563
1060,1061,0.0144163750352586
1061,1062,-0.0193874361291777
1061,1063,-1.66148292126607
1062,1063,1.4994971684529
1062,1069,-1.51386462581245
1063,1102,-1.45480791796972
1063,1103,0.0225354213967179
1064,1065,-1.21508479961814
1064,1077,1.56688996834645
1065,1188,0.677836351257808
1065,1189,-1.34000412582608
1066,1067,1.48744590938756
1066,1075,-0.014278308151646
1066,1076,-1.5419292421165
1067,1090,0.00314519081033593
1069,1144,1.56577427476621
1069,1146,-1.60834059164817
1069,1149,-0.00583481848846734
1070,1071,1.50244244342703
1070,1082,-1.60492803014403
1071,1083,2.69429490140638e-06
1072,1083,1.42563366111634
1072,1099,-1.69956171916924
1073,1085,1.65138765294317
1073,1086,-0.228976759681816
1074,1079,-1.56803471543631
1074,1094,1.76412028345396e-05
1075,1076,1.61394171962494
1075,1081,-0.264906338756863
1076,1199,1.73934936452194
1076,1207,0.623499825384885
1076,1208,-0.286809605724513
1077,1246,1.59007183829871
1077,1255,-5.32487622910693e-05
1078,1079,-1.63084732692649
1079,1094,-1.57354029695065
1080,1091,0.786099506710108
1081,1093,-0.262305017960269
1082,1087,1.60625779750821
1083,1099,0.0163972733042206
1084,1096,-1.55623361801266
1084,1108,-3.38390714711423e-05
1085,1086,1.26122824096481
1085,1097,0.0873791035525096
1085,1098,-1.19373638778963
1086,1114,-1.13207617514525
1086,1117,2.014958200297
1086,1118,0.516930592551135
1087,1088,0.549707560057335
1087,1092,-1.62389341252966
1088,1089,-1.20255834816638
1088,1092,0.967991681002795
1089,1113,0.520269750340703
1090,1169,-1.51728519770335
1090,1170,0.0013932360543687
1091,1096,0.390331850416136
1093,1109,-0.461312762179666
1094,1107,-1.48529773526477
1094,1123,-0.00385650967044704
1095,1176,0.433808829651224
1096,1108,-1.5853928746486
1097,1098,1.86047716224765
1097,1102,0.169343007324418
1097,1104,-1.42971808814248
1098,1128,-1.78409659101289
1098,1130,1.34589630259113
1098,1131,-0.0198916852589668
1099,1110,-1.53806142193754
1099,1135,-0.100646715329795
1099,1136,1.48922299776738
1100,1101,1.56766838654859
1100,1114,0.259294459033151
1100,1115,-1.50877224942406
1101,1126,1.56220283086013
1101,1127,-0.0182350301371166
1102,1103,-1.66424931422335
1102,1104,1.5425315581229
1103,1138,-1.47051741819276
1103,1139,-0.00736954589664096
1104,1132,-1.6471294903609
1104,1134,-0.0545651218632406
1105,1106,-1.51852762905967
1105,1124,0.169362229639318
1106,1143,1.69284235303552
1106,1150,-0.319709689845087
1107,1123,-1.66015142799547
1108,1113,-1.5953024281669
1108,1125,-0.0395654753327324
1109,1145,0.421106665492233
1110,1135,-1.70417794698204
1110,1136,-0.114308233884865
1111,1112,1.55299348624684
1111,1151,-1.56088491609081
1111,1152,-0.00589159232097547
1112,1219,-2.35193527872786
1112,1241,0.0772449221209932
1113,1125,-1.58585570075562
1114,1115,1.37352594513258
1114,1117,0.00544172185245051
1114,1118,-1.49258588589341
1115,1126,-1.6445418403468
1115,1142,-0.0361467558894866
1116,1122,1.58902755913226
1116,1137,-1.54837470112727
1117,1118,1.64356504584393
1117,1128,0.0291658871152634
1117,1129,-1.36800220147423
1118,1156,1.6600935219754
1118,1163,0.00114645901625821
1119,1120,-0.724400398273809
1119,1121,-1.97689633087725
1119,1122,1.33229727214831
1120,1121,1.88909672098635
1120,1173,0.0456536031121102
1120,1174,-1.20589871336959
1121,1183,1.56760467548767
1121,1184,-0.00589110897371947
1122,1137,0.00419039333026383
1123,1237,-0.60694565788259
1124,1144,-0.801907939199915
1125,1136,-1.55801292722626
1125,1172,0.0436750149301299
1126,1127,1.56115479259254
1126,1142,-1.53319756913248
1127,1206,-0.0853282814579801
1128,1129,1.7444245650003
1128,1130,-0.0115997599857804
1128,1131,-1.37738774783587
1129,1154,1.56341579447151
1129,1156,-1.61152453788602
1130,1131,1.7758046657397
1130,1132,-3.57361625695773e-05
1130,1133,-1.35865804288097
1131,1153,1.61700143659133
1131,1154,-1.5979571998719
1131,1155,-0.017456598207529
1132,1133,1.78297034687139
1132,1134,-1.54902828509213
1133,1153,-1.53172116196759
1134,1140,1.67206432763155
1135,1136,-1.55172294049261
1135,1164,-0.078501209253242
1135,1165,1.59229646392337
1136,1172,-1.53990471143341
1137,1188,-1.56711678069105
1137,1202,0.0251674155063237
1138,1139,-1.67844478129367
1138,1140,0.0116121891277343
1138,1141,1.61548872877013
1139,1146,1.64631704576599
1139,1147,-1.44472303946657
1139,1148,0.00483523187819701
1140,1141,-1.53771611394739
1141,1147,1.54452875764922
1142,1159,1.48201117181519
1142,1160,-0.0399324693111085
1143,1150,1.12904061070919
1144,1146,-0.0325222128245857
1144,1149,1.56998356033511
1145,1185,-0.143549627910693
1146,1147,0.0505525683572348
1146,1148,1.500110839702
1146,1149,-1.53908688043009
1147,1148,-1.69203438224503
1148,1161,-1.39793481818981
1148,1162,0.189537956479174
1149,1203,-1.47731034178371
1149,1204,0.00996203781609761
1150,1304,0.313473573517362
1151,1152,-1.58659932981995
1151,1220,1.65021120719648
1151,1221,-0.0112038286103129
1152,1170,1.84023668555949
1152,1223,-0.2978757020613
1152,1224,-1.34968962804763
1153,1154,-0.0733659828734385
1153,1155,1.50713461879094
1154,1155,-1.56109205192542
1154,1156,-0.033347678767738
1155,1167,1.56868839220092
1155,1171,0.00401467514107345
1156,1163,1.48264559063065
1157,1158,-1.63412997911495
1157,1179,1.58415810175425
1158,1180,1.59664266102109
1158,1198,-1.48878160920992
1159,1160,1.6196490124635
1159,1163,1.97235551924416
1159,1175,-1.2278526557601
1160,1186,1.75499646710563
1160,1187,-0.0495589357616844
1161,1162,-1.55411987892081
1161,1167,0.00400740290968216
1161,1168,1.48167267951851
1162,1218,1.70160946311635
1162,1225,-1.37212558620761
1162,1226,0.0713372988344414
1163,1175,-0.0586155214144628
1164,1165,-1.47079498041318
1164,1180,-0.163427625938638
1164,1181,1.6649474851482
1165,1172,1.5992611913302
1165,1205,-1.53653563190256
1166,1173,-1.38620587125059
1166,1182,1.75184389339343
1167,1168,-1.66392737698097
1167,1171,1.57691893652994
1168,1196,-1.49329034254847
1168,1197,1.09899078748477e-05
1169,1170,-1.62291421983208
1170,1223,1.003480265969
1170,1224,-0.048333660017327
1171,1193,-1.51201975803632
1171,1194,0.0296409131860162
1172,1205,0.00579583035703335
1173,1174,1.89004033710809
1173,1182,-0.00354288894577337
1174,1183,-1.62058519733598
1174,1215,-0.00309326540882537
1175,1186,-1.68068717185036
1175,1190,1.58457056172981
1175,1191,0.027346394229415
1176,1219,0.323431148653007
1177,1178,-1.29036263143194
1177,1179,-1.28124394150949
1178,1192,-1.53597418216415
1180,1181,-1.31321754250296
1180,1198,0.0561683833587749
1181,1205,1.61090720971564
1181,1222,-1.54178449027963
1183,1184,1.56809686912841
1183,1215,-1.52410072166264
1184,1233,1.61729197044698
1184,1234,0.184764699929442
1185,1235,0.923953513472459
1185,1238,-1.97713936942572
1185,1239,-0.279760355073582
1186,1187,1.33703725072248
1186,1190,0.123665079990374
1186,1191,-1.43355908751002
1187,1200,1.80154112177486
1187,1201,-0.0641253952881402
1188,1189,1.12375217650591
1188,1202,-1.54930845739241
1189,1246,-0.571134575090214
1190,1191,1.5843684860894
1190,1195,-0.806846101635774
1191,1200,-1.71104784717222
1191,1211,1.62269354889618
1191,1212,0.0449243199837377
1192,1229,1.53422743300417
1193,1194,-1.59993198236746
1193,1195,-1.04568132181644
1194,1247,1.56817231446787
1194,1256,-1.59646631094883
1196,1197,-1.64829132113344
1197,1231,1.90530086500605
1197,1247,-1.44453675592266
1198,1209,-0.101343318298766
1198,1210,1.7066228375863
1199,1207,2.02574311445274
1199,1208,1.11543368334335
1200,1201,1.27592613652679
1200,1211,0.192148742478605
1200,1212,-1.38562048643383
1201,1227,1.90047273237874
1201,1228,-0.121268781040582
1202,1300,-1.43030502393699
1202,1312,1.69767234368775
1202,1313,0.131255096068968
1203,1204,-1.65432027398999
1203,1218,0.124470174331739
1204,1266,-1.49830933568558
1204,1267,-0.0307359864522856
1205,1222,-0.0110990464054828
1206,1271,1.4186589048773
1206,1272,-0.0184054776527378
1207,1208,2.2312832224804
1207,1214,-0.402529401408569
1208,1230,-1.60030767460428
1208,1251,2.36266433637202
1209,1210,-1.33362649770473
1209,1216,-0.182864697558179
1209,1217,1.67462468106443
1210,1222,1.66539205345192
1210,1273,-1.41859874021054
1211,1212,1.56382342467735
1212,1227,-1.72116595184022
1212,1243,-0.0149589695056442
1213,1240,-0.631433962454372
1214,1250,2.38768923982406
1214,1252,-2.30940207940937
1214,1258,0.882704952694132
1214,1259,-0.66713763812188
1215,1233,-1.57369574594156
1215,1278,1.57567813765658
1215,1279,0.00407475928488044
1216,1217,-1.28410327496718
1216,1229,-1.30277304032595
1216,1235,-0.401491458077964
1216,1236,1.74249770324246
1217,1273,1.85633538819989
1217,1320,-1.25401179286455
1218,1225,0.0678576042658325
1218,1226,1.51132048930788
1219,1241,-0.712412452740935
1220,1221,1.480177617783
1220,1224,1.69668514211552
1220,1316,-0.227696501957225
1220,1317,-1.78465403294277
1221,1294,-1.56360065565861
1221,1323,-0.209301757651883
1222,1273,0.057601859927332
1223,1224,2.08977872760346
1223,1230,0.358674182513028
1224,1316,1.21721100951705
1224,1317,-0.3397465214685
1225,1226,-1.69812976854774
1225,1231,0.030044692381261
1225,1232,1.42531923676029
1226,1284,1.50322160170423
1226,1287,-1.63622563246091
1226,1288,-0.034059420289946
1227,1228,1.11985114017047
1227,1243,-1.43538567125521
1228,1248,0.0630423456329292
1228,1249,1.8569294374451
1229,1235,-2.24031107134181
1229,1236,-0.0963219100213837
1230,1251,0.821379357386509
1231,1232,-1.74631810921076
1231,1247,-0.208244967338922
1232,1287,1.52351066941064
1232,1293,-1.60844856160795
1233,1234,1.70906538307226
1233,1278,0.00778123000834752
1233,1279,-1.56382214836335
1234,1312,-1.42583514258541
1234,1318,0.127219338610412
1235,1236,-0.997603492269371
1235,1238,0.24049977069161
1235,1239,1.93787878504375
1236,1353,-0.939429439416412
1237,1240,2.73013945776437
1237,1242,1.05552280435468
1238,1239,-1.44421363923765
1238,1253,0.00200885962912256
1238,1254,1.74507086103138
1240,1242,1.46697600018011
1241,1264,1.51627587297807
1241,1265,-0.0505470247264461
1242,1257,-7.71936177605959e-05
1243,1256,1.71128839747647
1243,1275,-1.54341933072316
1243,1276,0.0199709279522304
1244,1245,-0.398608470588097
1244,1250,0.811925122157466
1245,1262,0.589785502902395
1245,1283,-0.0484899127004903
1246,1255,1.5514675665288
1247,1256,-0.0230459718269049
1248,1249,-1.34770556177762
1248,1268,-0.208497477932666
1248,1269,1.50770699084851
1249,1275,0.327599727585648
1249,1277,-1.35860914629772
1250,1252,-1.55549866564363
1250,1258,1.63660836645987
1250,1259,0.086765775643856
1251,1252,-1.02269373249077
1252,1258,0.0505143785137068
1252,1259,-1.4993282123023
1253,1254,-1.39853065218753
1253,1260,-0.0201529821682542
1253,1261,1.68963760379888
1254,1289,-1.44265546684205
1255,1300,1.19948665790569
1255,1301,-0.00500803725311982
1256,1275,-0.113115074609833
1256,1276,1.45027518406555
1257,1270,1.02009171898523
1258,1259,1.59175006277378
1258,1280,0.54238144016536
1259,1282,-0.563890206444868
1260,1261,-1.43180206762266
1260,1262,0.0249185596826775
1260,1263,1.62198833673877
1261,1290,-2.35770506668499
1262,1263,-1.5445228765337
1262,1283,2.50331723798691
1263,1290,0.871689836133165
1264,1265,1.57476975588528
1264,1294,0.00098162547394498
1264,1295,-1.2287903644298
1265,1382,1.40634458409115
1265,1383,0.1539810900821
1266,1267,-1.6740193043565
1266,1284,0.00845656783982829
1266,1285,1.45028053176565
1267,1377,1.59656559779442
1267,1381,-0.0517569194689469
1268,1269,-1.42538818480861
1268,1271,-1.43516160833399
1269,1305,0.416075878966933
1269,1306,-1.39646963802168
1270,1274,1.67446686862362
1270,1326,0.0252032986340223
1271,1272,1.70452827105975
1272,1302,-0.0536871681929316
1272,1303,1.55328614276509
1273,1320,0.0312454725253577
1274,1326,1.49232908360019
1275,1276,-1.57820239491441
1275,1277,1.45538377970642
1276,1310,1.62353639245669
1276,1319,-1.69289927657697
1276,1322,0.0304463869901976
1277,1305,-1.65308772928879
1277,1319,1.55669985598179
1278,1279,1.5699892752181
1278,1307,-3.29939775944865e-07
1278,1308,-1.58615534159252
1279,1327,-1.53255281712045
1279,1351,1.56183516668732
1279,1352,0.119058743863095
1280,1281,-0.26217118940266
1281,1298,-0.0427292975441262
1281,1299,-1.63187295441252
1282,1291,-0.246912258616507
1282,1292,0.941406384346576
1283,1286,-1.55324635025422
1284,1285,-1.69976868966398
1284,1287,0.00214541942465507
1284,1288,1.60431163159562
1285,1338,-1.40701820206115
1286,1296,-0.0388676383543225
1286,1297,1.48640558686145
1287,1288,-1.53942644141883
1287,1293,0.0096334225712007
1288,1338,1.57208678385884
1288,1343,1.39678982646885e-05
1289,1309,2.23483377030004
1291,1292,-1.95327401062671
1291,1311,0.885737645807311
1292,1337,-2.78350806058491
1292,1358,0.0412850121803956
1293,1310,-0.0858979990044575
1294,1295,1.91182066368604
1294,1323,-1.78729375558307
1295,1329,2.06711960842535
1295,1339,-0.0419731749250483
1296,1297,-1.61631942837402
1296,1298,-1.55795849344655
1297,1314,-1.50662066624912
1297,1315,0.0560296141978753
1298,1299,1.5524489967214
1299,1340,-1.56972459877157
1299,1347,1.54912708782587
1300,1301,1.93709795843098
1300,1312,-0.0136152859650496
1300,1313,-1.58003253358383
1301,1414,-1.02730808410268
1301,1415,0.0290991029349539
1302,1303,-1.53461934263177
1302,1331,-0.026942961389941
1302,1332,1.6842693520511
1303,1342,1.74766345332854
1303,1350,-1.39427758911046
1304,1362,1.31531194638488
1304,1370,-1.64266120954197
1304,1371,0.116139635192752
1305,1306,1.32904713660118
1305,1319,0.0681949316807851
1306,1333,1.58597706921344
1307,1308,1.55543764193705
1307,1321,-1.59600914567586
1308,1351,-1.56520552368165
1308,1363,1.57640009611534
1310,1319,-0.174843015443871
1310,1322,1.5485026481233
1311,1324,-0.82079030752061
1311,1325,1.32430978190529
1312,1313,1.57517540597101
1312,1318,-1.58853817239397
1313,1481,-0.535440253028855
1314,1315,-1.57894237314279
1315,1353,1.60637207886663
1315,1360,0.0487847661663032
1316,1317,1.58463512260425
1316,1324,0.888372038390868
1316,1330,-1.84204128340618
1317,1344,2.50443417136954
1317,1354,0.925977571270213
1317,1355,-0.519034043660233
1318,1327,1.35052562001311
1318,1328,-0.00729312078981703
1319,1322,-1.41824699002262
1320,1360,-1.35799663463234
1320,1361,0.0591726195033346
1321,1363,-1.55533842345134
1321,1369,0.011779423567249
1322,1334,-1.61642481978405
1322,1336,0.202720013266677
1323,1329,-0.516951279485125
1324,1325,-0.996492564163892
1324,1330,0.411179331792741
1325,1337,-0.66364419174464
1327,1328,1.78377391278687
1327,1351,-0.0472046697820181
1327,1352,-1.48998109260624
1328,1374,1.32994755076852
1328,1375,-0.0129321349312121
1329,1339,1.03249987023939
1330,1344,-0.352074729799611
1331,1332,-1.43038034014875
1331,1348,1.78548271011967
1331,1349,0.0448640881502156
1332,1356,0.163686419043597
1332,1357,-1.55242945300257
1333,1334,0.401684223239073
1333,1335,-1.47688769835983
1334,1335,1.26302073199089
1334,1336,-1.32244782053906
1335,1341,1.83754816286499
1335,1342,-0.00010059638351434
1336,1341,-1.86016859178464
1336,1346,-2.64230500985896e-05
1337,1358,-0.316799580824484
1338,1343,1.56951983762922
1339,1386,-0.98622040407562
1340,1347,-0.0227409669923508
1341,1342,1.30394389434128
1341,1346,-1.28145048485525
1342,1350,-0.00034838884920374
1343,1367,-1.5747351907203
1343,1368,0.00716104568819853
1344,1354,1.56313605349046
1344,1355,0.118124438560018
1345,1347,-1.60865754000782
1346,1379,1.49410459955129
1346,1395,0.00248156677359246
1348,1349,1.40097403162034
1348,1357,1.51489280390859
1348,1364,0.0339792690928871
1349,1365,-0.0220585900234278
1349,1366,1.59668930162288
1350,1356,-1.50633260434266
1350,1359,-0.0127870389970548
1351,1352,1.69881623076557
1351,1363,1.2966207195042e-05
1352,1374,-1.67948275101795
1352,1393,1.44610567366119
1352,1394,0.015068710610977
1353,1360,1.58400534088947
1354,1355,1.69658103865935
1354,1376,0.503028323203357
1355,1404,-1.58482865352851
1355,1431,6.74820687684985e-06
1356,1357,1.42547678154363
1356,1359,-1.64804708824419
1357,1364,1.66067911877409
1358,1396,-1.36611169639999
1358,1397,1.45929806502401
1358,1398,0.0848561052844077
1359,1364,-1.54898231861768
1359,1372,-0.0306113563453998
1360,1361,-1.72442339945412
1361,1462,-0.971341393633292
1361,1463,1.43289156058221
1362,1370,0.183619497662946
1362,1371,1.94242034239767
1363,1369,-1.5744748065712
1364,1372,-1.62322169131751
1365,1366,-1.52284476194349
1365,1384,-0.0256322256833936
1365,1385,1.61567840536175
1366,1387,0.202823945687868
1366,1388,-1.47236237820928
1367,1368,-1.5596964171813
1367,1379,-1.38148081241241e-06
1367,1380,1.49182535404845
1368,1416,1.46271269222931
1368,1419,-1.75432574166789
1368,1424,-0.0467153501497326
1369,1393,-1.56380156238882
1369,1427,-0.0196908658111439
1370,1371,-1.38279180885507
1370,1408,-0.614569820809384
1371,1439,0.184500447644298
1372,1387,-1.49345560602388
1372,1401,1.87931708483953
1372,1402,0.0550879551570649
1373,1382,-1.95433439005564
1373,1399,0.777555506151503
1374,1375,1.79871296789006
1374,1393,-0.0160042289106448
1374,1394,-1.44704119196086
1375,1437,1.31572853329823
1375,1438,0.00316512901213795
1376,1389,0.483115351827837
1377,1378,-1.54219761605993
1377,1381,1.49327013632642
1378,1408,1.53015864756801
1378,1411,-1.62758691579907
1379,1380,-1.64976591806053
1379,1395,1.6499696208121
1380,1417,-1.66056586417309
1380,1419,1.47733779428195
1380,1420,0.0434546990175431
1381,1411,1.62013063899417
1381,1416,-1.47475317810292
1382,1383,1.88922915958075
1382,1399,-0.409702757382654
1383,1440,-0.652415171588142
1383,1441,0.343881133076751
1384,1385,-1.50028202254465
1384,1412,1.56520566001465
1384,1413,0.0358669915613716
1385,1388,1.67229976166507
1386,1399,-1.45478978115535
1386,1421,1.63717337325843
1387,1388,1.46640632969265
1387,1401,0.231180037273616
1387,1402,-1.59304909240885
1389,1390,0.299595382738419
1389,1392,-2.35365244509531
1390,1391,-0.794969000708874
1390,1392,0.488344825756061
1391,1396,0.827126561502252
1391,1400,-1.82540480172126
1392,1410,0.492688983237753
1393,1394,1.71055569053958
1393,1427,-1.59748195701212
1394,1452,1.69728021899909
1394,1453,-0.981524139483212
1395,1406,-1.81186605911508
1395,1409,-0.0125121670195596
1396,1397,-0.316182892165792
1396,1398,-1.6906248519054
1396,1400,0.489061290366287
1397,1398,1.76715069385019
1397,1405,-0.482162940396388
1398,1445,-1.59163963647263
1398,1448,1.55724696379758
1398,1449,-0.0384712465415835
1399,1421,-0.0496294991760204
1400,1429,-0.675457486463608
1400,1430,0.507106236671025
1401,1402,1.31736352390733
1401,1406,0.0528361349936879
1401,1407,-1.4929578397683
1402,1493,0.133108795409559
1403,1404,-1.5672135584012
1404,1431,-1.55675725185441
1405,1423,-0.345846339822971
1406,1407,1.59579867882781
1406,1409,-1.34223876149427
1407,1464,-1.56002714298328
1407,1465,-3.0916184174945e-05
1408,1411,-0.0161529097772855
1409,1418,1.8126547700566
1409,1422,0.0593220666119301
1410,1428,-1.00702524776259
1410,1429,2.00632020929203
1411,1416,0.0467088364927086
1412,1413,1.61225398513651
1412,1425,-1.34718127348167
1412,1426,0.116025336009278
1413,1432,1.78424055568145
1413,1433,0.00410796475971997
1414,1415,-2.08518546655216
1414,1439,-1.4246340426087
1414,1467,1.86931930315997
1414,1468,0.631847419003186
1415,1481,2.20151545920096
1415,1490,-1.73169098661072
1415,1491,0.0967738498593631
1416,1419,-0.0754457803074065
1416,1424,1.63216461121075
1417,1418,0.477258698903168
1417,1419,-0.00368899513475274
1417,1420,-1.43757209039916
1418,1422,1.38825995014513
1419,1420,1.70770955832538
1419,1424,-1.43398226207164
1420,1533,1.58464929140682
1420,1549,-0.0656003047294216
1422,1460,-1.84098709901186
1422,1461,1.54352339771791e-05
1423,1443,-0.537307588445447
1424,1533,-1.55684419537574
1424,1534,0.0214265343197582
1425,1426,-1.67838604409885
1425,1432,-1.53950949287995
1426,1442,-0.903600942828552
1427,1469,-0.818128237166796
1427,1470,-0.000122858903777612
1428,1429,-0.128247196535169
1429,1430,-1.95902893045516
1430,1445,2.00475329176424
1430,1446,-1.02610109010082
1431,1434,1.557431999967
1431,1435,-0.00135748567405614
1432,1433,1.36146006266806
1433,1463,-1.58198856938267
1433,1501,1.66817151819071
1433,1502,-0.0731716483069444
1434,1435,1.58280316794874
1434,1444,1.58997328065239
1434,1476,-1.47519562965339
1435,1482,0.167808369715137
1436,1451,2.33905530338393
1436,1474,-0.552245658143291
1437,1438,1.8290292493037
1437,1453,0.740178474547224
1438,1475,-0.194612087619366
1439,1467,0.152360692178873
1439,1468,-1.08511119197791
1440,1441,-2.1452963489249
1440,1447,0.33961664546826
1441,1471,0.48381809006175
1442,1456,-0.382205515460733
1443,1448,-1.59347078086702
1443,1450,1.4677678147979
1444,1476,0.0764237432840096
1445,1446,0.110738271724734
1445,1448,0.00729394668041561
1445,1449,-1.58842426365874
1446,1451,0.159215809457609
1447,1480,-0.359345550915806
1448,1449,1.54587444325063
1448,1450,-0.0803540579248803
1449,1573,-1.69152055755056
1449,1578,1.62833043328505
1449,1581,-0.000825660354523805
1450,1454,0.112747200297183
1450,1457,-0.940464240599018
1451,1474,0.250291692062576
1452,1453,0.462788295107487
1452,1458,-0.30216545127209
1452,1459,-1.82935046113216
1454,1455,-0.491670154152654
1454,1457,2.08838121269359
1455,1472,0.467222084404276
1455,1473,-2.49792753419564
1457,1473,1.2052064061377
1458,1459,1.61440764372972
1458,1469,0.761904654734089
1459,1488,-1.62002108336853
1459,1515,1.55062819097559
1460,1461,-1.30059011934396
1461,1485,-1.61880099841215
1461,1486,-0.000144217228369659
1462,1463,-0.737359699374296
1462,1472,-0.210755518185672
1463,1501,0.108567433983584
1463,1502,-1.63277573251407
1464,1465,-1.58159642679068
1464,1466,1.54471715883054
1465,1495,1.66293373374555
1465,1500,-1.55958556501382
1466,1478,0.927295218040216
1467,1468,1.90412076943301
1467,1477,-0.479552649371982
1468,1483,1.77660985301483
1468,1489,-0.788337196706123
1469,1470,-2.32358727532677
1470,1515,-1.55646685188159
1470,1532,0.0155516688770727
1471,1482,1.67390945706822
1471,1504,-1.00747431011354
1471,1505,-1.51815634491338
1472,1473,0.17644303498988
1474,1506,0.145907054322161
1475,1487,-0.692626407522904
1475,1488,1.47678678043429
1476,1492,0.150259241447455
1477,1483,-2.12290203535977
1477,1484,-0.117856539153164
1478,1479,-0.948697681419165
1479,1500,1.6186886199235
1480,1545,0.516165663128685
1481,1490,-0.791613792221891
1481,1491,1.0368510442482
1482,1504,0.460208886408036
1482,1505,-0.0504731483918062
1483,1484,-1.13654715738319
1483,1489,0.576645603868843
1484,1490,1.19439873938188
1484,1494,-0.923733101625998
1485,1486,-1.52293587240602
1485,1495,-0.122781552729894
1485,1496,1.70455452879018
1486,1508,0.00811741524003695
1486,1509,-1.2369523743942
1487,1488,-0.972179465632596
1487,1498,-1.0379717573053
1487,1507,1.13050826642689
1488,1515,0.0290566207543286
1489,1499,-0.520493832908353
1490,1491,-1.31312781711971
1490,1494,1.02346081258191
1491,1497,1.56398669351561
1491,1503,-1.06220932797329
1492,1539,0.206513398977286
1493,1536,-1.4535142385974
1493,1538,1.702337014196
1494,1602,-1.59692847143586
1494,1612,0.00942691579941801
1495,1496,-1.31425657206972
1495,1500,-0.0809266451695745
1497,1498,-0.888196135076813
1497,1503,0.515396632100885
1498,1507,-0.973112629857597
1499,1510,-0.00674338584220946
1499,1511,1.57569254715622
1501,1502,1.40024948709214
1501,1512,5.72678067083388e-05
1501,1513,-1.46436114345813
1502,1524,-0.296937062470972
1503,1514,0.811701201232694
1504,1505,2.63091061878995
1504,1584,1.48308745443393
1504,1585,0.00520409064079974
1505,1615,-1.21042588270339
1505,1622,0.0143915863517021
1506,1563,0.23238118761436
1507,1519,-0.98310158847372
1508,1509,1.89652286395556
1508,1520,0.991912707265061
1508,1521,-1.16832853763638
1509,1530,-0.347821291684381
1509,1531,1.44335264264714
1510,1511,-1.55915672059137
1510,1522,0.0381536638360775
1510,1523,1.59106495495423
1511,1597,1.24721162861644
1511,1598,-1.58407133346411
1512,1513,1.67717424232495
1512,1517,0.130812006269306
1512,1518,-1.46491603891625
1513,1546,1.91476703931318
1513,1550,-0.52518016793808
1514,1516,0.48300717487678
1515,1532,-1.56957413283113
1516,1528,0.88647560928527
1517,1518,1.54586460840424
1517,1536,0.236326432422856
1517,1537,-1.20190964509661
1518,1546,-1.2263279866252
1518,1547,1.53730843171621
1519,1528,-0.742194336275826
1519,1529,1.25107207505538
1520,1521,0.981351408688351
1520,1525,-0.285194214711746
1521,1526,1.61619427752625
1521,1527,0.313349033427512
1522,1523,-1.58868136247164
1522,1535,0.607004475060177
1523,1598,1.54889229816988
1523,1609,-0.821202471666458
1524,1561,-0.288671187190405
1524,1562,1.80608610265049
1525,1549,2.19978713720375
1525,1564,-0.0038090028942479
1526,1527,1.83874740949105
1526,1542,-0.460321381361888
1527,1531,-2.08833029636802
1527,1548,0.685658202508963
1528,1529,-1.14832624225858
1529,1544,-0.0846068170022365
1530,1531,-1.35041871925827
1530,1538,-0.31539296570507
1531,1548,-0.367604154712808
1532,1636,0.672799322660838
1533,1534,-1.56332192389429
1533,1549,1.49134305745355
1534,1618,1.56351507252344
1534,1627,-0.0220289530470072
1535,1571,1.5899601741713
1535,1572,-0.0024983703771797
1536,1537,1.70335657607033
1536,1538,0.0142585992036093
1537,1540,-1.76384813491426
1537,1543,0.000547425438932159
1539,1569,0.494970554141548
1540,1541,1.35073459645877
1540,1543,-1.3771970932366
1541,1551,-1.51166604606991
1543,1556,-1.65414445164425
1543,1558,1.42086847687258
1543,1559,0.249471914382637
1544,1653,0.133766412006856
1545,1570,0.322528533979394
1546,1547,-0.377956235248381
1546,1550,0.701645446338533
1547,1553,0.0616805166947967
1547,1554,-1.08003999971765
1548,1568,-0.603517133185616
1549,1564,0.937996513491795
1550,1591,0.829728066975281
1551,1552,1.57896745037487
1552,1555,-0.930673996284991
1553,1554,1.99987213717734
1553,1555,0.659935974832215
1554,1560,1.60826011930852
1554,1565,-0.0211401387769805
1556,1557,1.7239657068709
1556,1558,-0.0665797250729678
1556,1559,-1.23797628756291
1557,1560,-1.54025118303726
1558,1559,1.97019609109985
1559,1707,1.54457211835859
1559,1715,-0.0235113987479467
1560,1565,1.51219239550429
1561,1562,-1.0468353637489
1561,1566,-0.110961866440011
1561,1567,1.56299963033804
1562,1591,2.213973535487
1562,1593,-0.589470098470816
1563,1569,-2.58678410079987
1563,1595,0.013209859691333
1563,1596,0.118231676856301
1564,1627,2.26849485929294
1564,1630,-0.856786523460228
1564,1631,0.0360175674825447
1565,1608,1.58417431064086
1565,1610,-1.61042986223724
1566,1567,-1.46763115681174
1566,1575,-0.238876254899602
1566,1576,1.46365373131538
1566,1577,0.752120220960364
1567,1601,-1.13018438938384
1568,1633,-0.368299352362683
1569,1595,-0.541598693098592
1569,1596,-0.436576875933624
1570,1615,1.07415952903914
1571,1572,1.54913410904131
1571,1616,0.0171894862287219
1571,1617,-1.55817335988524
1572,1619,-1.19784566690445
1572,1648,1.65076480731469
1572,1649,-0.00767672975920775
1573,1574,0.286624494863954
1573,1578,0.178258337245812
1573,1581,-1.45089775639376
1574,1586,1.15316130357004
1574,1587,0.430301763251825
1575,1576,-1.43906266737481
1575,1577,-2.15059617772983
1575,1582,-0.0595554627893478
1575,1588,1.52117039632175
1576,1577,2.43005914323478
1576,1599,0.927854512069826
1577,1658,0.229207186441746
1578,1579,-0.0480279512098085
1578,1580,-1.15509471192692
1578,1581,1.51243655995022
1579,1580,2.03452589287268
1579,1582,0.0105717069846047
1579,1583,-2.27273329961811
1580,1594,-0.66503151280661
1581,1623,1.47655159550947
1581,1624,-1.41927322539776
1581,1625,-0.032078694908475
1582,1583,0.858287646987076
1582,1588,-1.5608667944787
1583,1594,-2.6409576274954
1583,1606,-0.102369107103247
1584,1585,1.66370928979666
1584,1595,1.42422630048804
1585,1613,1.42100941843216
1585,1614,-0.0233572674364453
1586,1587,2.41873311327157
1586,1600,0.984692554647297
1587,1603,2.59298696384606
1587,1604,0.252965135211915
1588,1651,1.10363660111947
1589,1590,-1.52684286224952
1589,1592,1.54815956345068
1590,1607,-1.63878493042211
1591,1593,0.338149019631978
1592,1607,1.56939795105727
1592,1608,-1.61626104299234
1593,1610,1.32409653825354
1593,1611,-0.218511511828927
1594,1606,-0.603004133197641
1595,1596,-3.03657083642482
1596,1628,-0.793878636809732
1596,1629,-0.0432973591493506
1597,1598,0.310309691509246
1597,1602,-0.2530793699986
1598,1609,0.771497883753457
1599,1601,1.2938615175988
1600,1603,-2.25615778470925
1600,1605,0.151066083539284
1602,1612,-1.53523726635452
1603,1604,0.801570824955649
1603,1605,-0.734368785341259
1604,1696,0.104934035136604
1604,1697,1.31133666337503
1605,1624,0.837469888767489
1605,1626,-0.305285788248485
1606,1620,-0.444826618276623
1606,1621,0.111681738749134
1607,1608,-0.0440663404598158
1608,1610,-0.0530115192883081
1609,1616,-1.65914733758128
1609,1637,1.74101703660568
1609,1638,0.0560233827085419
1610,1611,1.59898460350733
1612,1637,-1.67204405895808
1612,1661,-0.000822761869996302
1613,1614,1.69722596772119
1613,1628,0.792243426204259
1614,1645,-0.194251352233832
1615,1622,-1.91677518453471
1616,1617,1.56622980747583
1616,1637,0.258571720597175
1616,1638,-1.42642193329997
1617,1648,-1.52511303093835
1617,1663,1.59022038832742
1617,1664,0.110596167101355
1618,1619,-0.504069883811137
1618,1627,1.55604862801935
1619,1648,-0.292982179370658
1619,1649,-1.95142371644455
1620,1621,-2.58508429656404
1620,1623,-0.426240175512109
1621,1642,0.247227444611099
1622,1632,0.613203136692766
1623,1624,0.245767832682569
1623,1625,1.63296236317185
1624,1625,-1.75439812310051
1624,1626,1.99883697657382
1625,1635,-2.81225667102424
1625,1642,2.73860626756691
1625,1650,0.0842001637622456
1626,1635,-0.282306463518986
1627,1630,0.0163112708366238
1627,1631,0.909115361779397
1628,1629,-2.39101137592941
1630,1631,-2.24878856264702
1630,1640,-2.23933958503711
1630,1656,-0.00461254476777739
1631,1649,1.36252771712515
1631,1673,-1.84107453167445
1631,1674,0.0322848655038133
1632,1643,-0.624134137428693
1632,1644,0.211812201973271
1633,1641,-0.616864491611847
1634,1641,0.598066181573977
1635,1642,2.40927028500136
1635,1650,-0.245135818803303
1637,1638,1.45659899969265
1637,1661,-1.47037135650171
1638,1663,-1.70031317807636
1638,1683,1.4562866655317
1638,1684,0.0342174431046667
1639,1640,-0.972755458717662
1639,1646,0.351211595493089
1639,1647,1.27217265656263
1640,1656,-0.906865613320465
1642,1650,0.487186549785133
1643,1644,-2.30564631418783
1644,1657,-2.10129150124348
1644,1659,0.450066464707996
1645,1654,-0.417736561835035
1645,1655,1.42404331518351
1646,1647,-2.22063159252025
1646,1652,0.262564197447183
1648,1649,1.4831511165159
1648,1663,-0.0262592343240167
1648,1664,-1.50588345555008
1649,1673,-0.0620095952098056
1649,1674,1.81134980196845
1650,1694,-1.20474720227035
1650,1695,0.192769645040495
1651,1658,1.73698931845029
1651,1665,-1.18893883878367
1652,1703,2.2299903131518
1652,1716,-0.731903293142634
1652,1717,0.726734740799265
1653,1718,0.115563885735241
1654,1655,-1.29981277657125
1654,1660,0.35242488408829
1655,1670,-1.30874513755217
1656,1687,1.56496153081272
1656,1699,-1.57098386689192
1657,1659,-0.590234687638314
1658,1665,0.215664496355836
1659,1662,-0.924461179902348
1660,1671,0.342728552911305
1661,1709,-1.67350906939195
1661,1727,-0.00474294717865487
1662,1668,-0.457965469960384
1662,1669,0.890138363381265
1663,1664,1.66196843236373
1663,1683,0.0150071900182747
1663,1684,-1.40706203240876
1664,1674,-1.48280093314515
1664,1698,1.63418576649858
1665,1678,0.452090798545497
1666,1667,1.54735245732956
1666,1672,-1.55865786624487
1667,1686,1.53221476339355
1668,1669,-1.79348882024814
1669,1708,-0.0974070749660902
1670,1705,0.140863791040736
1671,1688,0.24811659281077
1672,1675,1.01296973675761
1673,1674,-1.26823325641153
1673,1681,-0.241717944441703
1673,1682,1.3984726447984
1674,1698,-0.0246059539460672
1675,1691,-0.778641778792998
1676,1679,1.59498019174552
1676,1689,-1.52221478832535
1676,1690,-0.0175171262138694
1677,1685,0.668172821717338
1678,1710,-0.250329874914354
1679,1680,-1.65622683604327
1679,1689,0.0243976735189229
1679,1690,1.52909533563041
1680,1716,1.56247151856779
1680,1719,-1.57871737887706
1681,1682,-1.50140206434969
1681,1687,-0.391255282371477
1682,1692,-1.8462448662022
1682,1693,-0.127601552995563
1683,1684,1.71952343116275
1683,1701,0.193684139751436
1684,1698,-1.57996907590852
1684,1723,1.57253492010531
1685,1711,0.101029217941399
1685,1712,-1.70393937604027
1686,1691,1.87928817817621
1686,1709,0.063610410968642
1687,1699,0.00564725588515191
1688,1728,1.2177902489499
1688,1729,-0.227814283609204
1689,1690,-1.63689499147831
1689,1707,-0.145751596238036
1690,1719,1.51914575662885
1690,1732,-1.60237706969785
1691,1709,1.32591488638223
1692,1693,-1.42294934038316
1692,1700,0.62415362053835
1693,1720,-0.158131408831839
1694,1695,-1.74407580627895
1694,1702,0.339239820593392
1695,1789,1.6034627632534
1695,1791,-1.62341256367405
1696,1697,-1.93519002535137
1696,1741,0.152874645728305
1697,1767,-1.49795126803724
1697,1768,0.0209766982118951
1698,1723,0.0109113424240412
1699,1703,0.0111857378425375
1699,1704,1.55298490475631
1700,1706,0.771610415866076
1701,1727,1.70150119852343
1701,1744,-1.44008319498267
1702,1734,0.93646529374936
1702,1735,-0.082754465923415
1703,1704,-1.59979348667602
1703,1716,0.179699047295359
1703,1717,1.63833708123726
1705,1736,-1.17778955052808
1706,1771,1.66541574706061
1707,1715,1.57350913648326
1708,1737,1.39410993936401
1708,1739,-0.593863093994515
1709,1727,-1.4728265313765
1710,1730,0.35743141222712
1710,1731,-0.732012871125003
1711,1712,1.33662405960812
1711,1713,0.692782757583283
1713,1714,-0.910241196555421
1714,1726,1.27587686965438
1714,1755,-1.81656912400988
1715,1721,-1.93333209566844
1715,1724,0.107822604686519
1716,1717,-1.68295461964789
1716,1719,0.00040375614494037
1717,1752,-1.4567946581617
1717,1753,0.040221819975113
1719,1732,0.0200698272630926
1720,1765,1.45872029010263
1720,1771,-1.64092477449955
1720,1772,0.00671545343775115
1721,1722,0.250347511091229
1721,1724,-1.10043795323483
1722,1725,1.59476689931389
1722,1726,0.333756877083292
1723,1744,1.74472790068029
1724,1732,1.50833310107168
1724,1751,-0.0512754846100454
1725,1726,1.8805826313592
1725,1746,-0.499128994369348
1726,1755,0.0491466599255266
1727,1744,8.26008369481102e-06
1728,1729,1.69598812103069
1728,1736,0.476641354808559
1729,1737,-1.18573590612371
1729,1738,0.591033034620178
1730,1731,2.05214837023767
1730,1748,0.224245668199986
1731,1757,-0.345389891699749
1732,1751,1.58198406790806
1733,1742,1.28869437412133
1734,1735,2.12237289391702
1734,1740,0.548282687115941
1735,1768,-1.63394241712461
1735,1777,1.77362378836552
1737,1738,-1.3648237128459
1737,1739,1.15361962023127
1738,1745,-1.50227648074863
1739,1742,-0.926204578636746
1739,1743,0.831949681731734
1740,1786,-0.250717111362548
1742,1743,-1.38343839322131
1743,1747,0.791579819527732
1745,1747,-0.638935992094324
1745,1749,1.35384848946642
1746,1761,-0.791701126153918
1747,1749,-1.14880817202905
1748,1775,1.50309068939399
1749,1756,-0.443047783664911
1750,1766,-1.42703724926193
1750,1773,0.000858321551223007
1751,1759,-1.60951549092621
1751,1760,-0.0218808319407122
1752,1753,-1.64457617545298
1753,1762,-1.49399162808652
1753,1763,-0.0138110675145131
1754,1758,-0.30741920077428
1755,1758,-1.91838844497686
1755,1775,0.0486281385367109
1756,1782,1.31290739241075
1757,1780,-0.0433042443023339
1757,1781,1.59777674912577
1758,1775,-1.17457607007622
1759,1760,-1.5539579946043
1760,1762,1.5658840600449
1761,1769,0.236860039223561
1761,1770,1.29407279599566
1762,1763,-1.66141209301778
1763,1788,-1.60648869959086
1764,1782,-1.92448933395855
1765,1766,-0.59129929781913
1765,1771,0.0419475889876155
1765,1772,1.68958781692492
1766,1773,-1.71369708277664
1767,1768,-1.62266468734065
1767,1776,0.352731281890803
1768,1777,0.265973551900342
1769,1770,-2.08437989681769
1770,1793,1.53970475418184
1771,1772,-1.49395242565249
1772,1783,0.892004946585569
1772,1784,0.000145623380451987
1773,1783,-1.39659616307333
1773,1785,1.77746871058329
1774,1779,-1.50419497280793
1774,1787,1.18828267847641
1777,1779,0.226081535041895
1778,1794,-1.56987297765571
1779,1787,-0.449115002305447
1780,1781,-1.50051166016169
1780,1789,-0.319823510217659
1783,1784,2.24973333038468
1783,1785,0.0324722200668237
1785,1794,0.00192017585611293
1786,1791,1.34242624713045
1786,1792,-1.88791523314433
1787,1790,0.584744738267349
1789,1791,-0.0852826733376508
1790,1792,0.435127696502311
1791,1792,-0.088748826684983
